casos,tos,dolor de garganta,fiebre,cansancio,dolor de cabeza,tengo covid,sintomas covid,test covid,prediction,fecha
1.0,27.0,4.0,17.0,2.0,12.0,0.0,0.0,0.0,4889,1/1/20
0.0,16.0,4.0,17.0,2.0,5.0,0.0,0.0,0.0,1044,2/1/20
1.0,23.0,7.0,19.0,3.0,6.0,0.0,0.0,0.0,2140,3/1/20
0.0,21.0,4.0,18.0,2.0,7.0,0.0,0.0,0.0,2577,4/1/20
0.0,16.0,5.0,15.0,2.0,10.0,0.0,0.0,0.0,1457,5/1/20
0.0,19.0,5.0,15.0,3.0,5.0,0.0,0.0,0.0,1739,6/1/20
0.0,18.0,6.0,17.0,1.0,7.0,0.0,0.0,0.0,1888,7/1/20
0.0,17.0,5.0,19.0,3.0,8.0,0.0,0.0,0.0,646,8/1/20
0.0,19.0,5.0,17.0,2.0,10.0,0.0,0.0,0.0,2101,9/1/20
1.0,15.0,4.0,17.0,3.0,9.0,0.0,0.0,0.0,523,10/1/20
1.0,22.0,5.0,21.0,3.0,13.0,0.0,0.0,0.0,2180,11/1/20
1.0,20.0,4.0,22.0,4.0,10.0,0.0,0.0,0.0,979,12/1/20
2.0,17.0,2.0,21.0,5.0,9.0,0.0,0.0,0.0,23,13/1/20
0.0,14.0,4.0,20.0,3.0,7.0,0.0,0.0,0.0,-357,14/1/20
1.0,18.0,5.0,19.0,4.0,7.0,0.0,0.0,0.0,500,15/1/20
1.0,14.0,3.0,22.0,4.0,5.0,0.0,0.0,0.0,-1027,16/1/20
1.0,17.0,5.0,18.0,3.0,8.0,0.0,0.0,0.0,799,17/1/20
2.0,17.0,6.0,18.0,3.0,12.0,0.0,0.0,0.0,854,18/1/20
0.0,18.0,4.0,28.0,3.0,7.0,0.0,0.0,0.0,-319,19/1/20
3.0,15.0,3.0,18.0,4.0,7.0,0.0,0.0,0.0,6,20/1/20
0.0,16.0,6.0,22.0,1.0,7.0,0.0,0.0,0.0,487,21/1/20
0.0,15.0,3.0,19.0,2.0,6.0,0.0,0.0,0.0,623,22/1/20
2.0,18.0,4.0,19.0,4.0,10.0,0.0,0.0,0.0,806,23/1/20
2.0,16.0,7.0,23.0,2.0,9.0,0.0,0.0,0.0,-125,24/1/20
1.0,19.0,9.0,25.0,2.0,9.0,0.0,0.0,0.0,214,25/1/20
2.0,19.0,6.0,27.0,2.0,10.0,0.0,0.0,0.0,414,26/1/20
1.0,17.0,4.0,25.0,4.0,10.0,0.0,0.0,0.0,-431,27/1/20
1.0,17.0,4.0,23.0,5.0,8.0,0.0,0.0,0.0,-638,28/1/20
4.0,20.0,4.0,21.0,4.0,8.0,0.0,0.0,0.0,1029,29/1/20
1.0,15.0,4.0,23.0,4.0,11.0,0.0,0.0,0.0,-706,30/1/20
3.0,15.0,5.0,20.0,4.0,9.0,0.0,0.0,0.0,-500,31/1/20
16.0,19.0,4.0,20.0,5.0,10.0,0.0,0.0,0.0,558,1/2/20
10.0,25.0,4.0,22.0,5.0,11.0,0.0,0.0,0.0,2203,2/2/20
11.0,12.0,4.0,23.0,4.0,9.0,0.0,0.0,0.0,-1759,3/2/20
9.0,18.0,5.0,23.0,4.0,12.0,0.0,0.0,0.0,144,4/2/20
6.0,14.0,8.0,19.0,3.0,8.0,0.0,0.0,0.0,-758,5/2/20
9.0,15.0,5.0,20.0,6.0,10.0,0.0,0.0,0.0,-1270,6/2/20
16.0,18.0,3.0,20.0,3.0,7.0,0.0,0.0,0.0,1060,7/2/20
9.0,16.0,6.0,23.0,4.0,10.0,0.0,0.0,0.0,-743,8/2/20
3.0,22.0,2.0,21.0,3.0,9.0,0.0,0.0,0.0,2429,9/2/20
22.0,14.0,5.0,23.0,5.0,11.0,0.0,0.0,0.0,-1585,10/2/20
13.0,13.0,5.0,24.0,2.0,7.0,0.0,0.0,0.0,-1029,11/2/20
23.0,19.0,4.0,19.0,3.0,7.0,0.0,0.0,0.0,1379,12/2/20
24.0,11.0,4.0,16.0,4.0,10.0,0.0,0.0,0.0,-949,13/2/20
19.0,13.0,6.0,19.0,3.0,10.0,0.0,0.0,0.0,-668,14/2/20
35.0,17.0,5.0,19.0,5.0,11.0,0.0,0.0,0.0,-20,15/2/20
23.0,16.0,3.0,24.0,3.0,10.0,0.0,0.0,0.0,-31,16/2/20
27.0,14.0,5.0,18.0,4.0,10.0,0.0,0.0,0.0,-458,17/2/20
27.0,14.0,5.0,19.0,4.0,10.0,0.0,0.0,0.0,-611,18/2/20
17.0,13.0,5.0,19.0,3.0,7.0,0.0,0.0,0.0,-672,19/2/20
53.0,15.0,6.0,19.0,5.0,13.0,0.0,0.0,0.0,-702,20/2/20
59.0,14.0,5.0,14.0,3.0,7.0,0.0,0.0,0.0,412,21/2/20
58.0,14.0,3.0,20.0,3.0,11.0,0.0,1.0,0.0,185,22/2/20
73.0,12.0,6.0,16.0,2.0,12.0,0.0,1.0,0.0,174,23/2/20
107.0,20.0,4.0,21.0,1.0,6.0,0.0,7.0,0.0,3455,24/2/20
129.0,17.0,5.0,21.0,4.0,8.0,0.0,3.0,0.0,483,25/2/20
146.0,16.0,7.0,38.0,3.0,9.0,0.0,8.0,0.0,-1358,26/2/20
180.0,14.0,4.0,23.0,4.0,7.0,0.0,2.0,0.0,-859,27/2/20
318.0,17.0,5.0,28.0,3.0,9.0,0.0,2.0,0.0,-313,28/2/20
243.0,16.0,7.0,27.0,3.0,10.0,1.0,2.0,0.0,-316,29/2/20
690.0,16.0,5.0,23.0,5.0,9.0,0.0,1.0,0.0,-869,1/3/20
801.0,18.0,4.0,21.0,4.0,11.0,0.0,5.0,0.0,1476,2/3/20
801.0,18.0,5.0,25.0,4.0,7.0,0.0,3.0,0.0,134,3/3/20
954.0,19.0,7.0,22.0,2.0,11.0,0.0,2.0,1.0,1583,4/3/20
1284.0,17.0,7.0,26.0,4.0,10.0,2.0,3.0,0.0,340,5/3/20
1628.0,17.0,3.0,21.0,3.0,8.0,0.0,3.0,0.0,1197,6/3/20
1868.0,14.0,5.0,27.0,3.0,10.0,0.0,1.0,0.0,-1243,7/3/20
2192.0,18.0,6.0,28.0,3.0,10.0,1.0,3.0,3.0,895,8/3/20
3407.0,21.0,5.0,38.0,6.0,11.0,0.0,9.0,0.0,-416,9/3/20
4666.0,29.0,9.0,51.0,4.0,12.0,0.0,15.0,2.0,1763,10/3/20
4743.0,33.0,10.0,65.0,5.0,11.0,0.0,8.0,0.0,-1293,11/3/20
5942.0,43.0,13.0,88.0,4.0,15.0,2.0,25.0,7.0,3399,12/3/20
7806.0,53.0,14.0,94.0,4.0,16.0,3.0,22.0,6.0,5271,13/3/20
7467.0,51.0,14.0,92.0,3.0,18.0,1.0,18.0,5.0,3762,14/3/20
7937.0,50.0,18.0,100.0,4.0,17.0,1.0,26.0,7.0,2892,15/3/20
9473.0,47.0,11.0,79.0,2.0,18.0,2.0,22.0,6.0,6641,16/3/20
8837.0,44.0,15.0,73.0,2.0,14.0,3.0,24.0,6.0,6582,17/3/20
8970.0,39.0,11.0,79.0,2.0,16.0,5.0,22.0,9.0,5636,18/3/20
8664.0,43.0,13.0,68.0,4.0,15.0,2.0,32.0,13.0,8557,19/3/20
10662.0,47.0,14.0,67.0,3.0,18.0,3.0,33.0,9.0,10462,20/3/20
7426.0,41.0,15.0,75.0,4.0,17.0,1.0,23.0,33.0,7208,21/3/20
6777.0,46.0,12.0,72.0,2.0,14.0,4.0,39.0,13.0,11936,22/3/20
8265.0,36.0,11.0,52.0,2.0,20.0,2.0,14.0,14.0,6980,23/3/20
7127.0,28.0,9.0,55.0,2.0,18.0,1.0,20.0,8.0,4093,24/3/20
6947.0,29.0,10.0,48.0,4.0,16.0,4.0,23.0,11.0,6595,25/3/20
6361.0,34.0,12.0,57.0,3.0,16.0,4.0,17.0,14.0,6190,26/3/20
6063.0,36.0,15.0,66.0,4.0,21.0,2.0,16.0,12.0,3560,27/3/20
5364.0,37.0,16.0,66.0,5.0,28.0,3.0,22.0,13.0,5331,28/3/20
4245.0,38.0,13.0,69.0,3.0,24.0,5.0,10.0,11.0,4596,29/3/20
5154.0,31.0,10.0,54.0,4.0,16.0,2.0,17.0,9.0,4108,30/3/20
4417.0,30.0,10.0,62.0,2.0,19.0,5.0,14.0,11.0,4485,31/3/20
5490.0,30.0,10.0,49.0,5.0,15.0,3.0,17.0,11.0,4773,1/4/20
4453.0,27.0,14.0,40.0,4.0,24.0,5.0,16.0,14.0,6509,2/4/20
4465.0,21.0,10.0,48.0,4.0,20.0,4.0,14.0,10.0,2470,3/4/20
3670.0,26.0,10.0,46.0,2.0,20.0,3.0,13.0,12.0,4849,4/4/20
3220.0,20.0,14.0,41.0,4.0,18.0,5.0,8.0,14.0,2348,5/4/20
3537.0,19.0,10.0,36.0,5.0,23.0,4.0,10.0,15.0,3342,6/4/20
3201.0,18.0,6.0,41.0,4.0,23.0,3.0,11.0,19.0,3574,7/4/20
3481.0,21.0,9.0,32.0,3.0,18.0,1.0,12.0,18.0,4834,8/4/20
3288.0,26.0,9.0,51.0,8.0,21.0,4.0,21.0,21.0,4898,9/4/20
3181.0,22.0,6.0,34.0,5.0,15.0,3.0,13.0,16.0,5067,10/4/20
2887.0,19.0,8.0,34.0,4.0,21.0,5.0,14.0,16.0,5544,11/4/20
2266.0,20.0,6.0,30.0,4.0,18.0,1.0,14.0,13.0,4579,12/4/20
2200.0,15.0,8.0,46.0,3.0,16.0,4.0,10.0,29.0,3149,13/4/20
2270.0,17.0,10.0,36.0,6.0,23.0,6.0,13.0,33.0,6050,14/4/20
2388.0,15.0,6.0,35.0,4.0,15.0,10.0,16.0,22.0,7340,15/4/20
2297.0,17.0,8.0,30.0,3.0,18.0,1.0,15.0,22.0,5108,16/4/20
1918.0,23.0,9.0,40.0,6.0,17.0,5.0,10.0,24.0,5024,17/4/20
1679.0,14.0,8.0,31.0,7.0,18.0,3.0,15.0,22.0,3185,18/4/20
1153.0,21.0,9.0,31.0,4.0,19.0,1.0,12.0,21.0,5023,19/4/20
1492.0,12.0,4.0,30.0,4.0,12.0,3.0,16.0,19.0,4024,20/4/20
1337.0,13.0,7.0,23.0,4.0,16.0,2.0,9.0,24.0,4118,21/4/20
1481.0,18.0,7.0,28.0,3.0,14.0,5.0,11.0,34.0,8168,22/4/20
1191.0,14.0,7.0,26.0,7.0,16.0,3.0,14.0,32.0,5134,23/4/20
1136.0,11.0,5.0,29.0,5.0,17.0,4.0,9.0,30.0,4123,24/4/20
763.0,14.0,10.0,33.0,3.0,18.0,3.0,7.0,37.0,4715,25/4/20
564.0,17.0,5.0,39.0,5.0,19.0,3.0,8.0,26.0,3466,26/4/20
709.0,13.0,5.0,28.0,4.0,13.0,5.0,11.0,36.0,6688,27/4/20
864.0,9.0,3.0,24.0,4.0,15.0,4.0,14.0,30.0,5794,28/4/20
759.0,14.0,6.0,26.0,3.0,10.0,4.0,9.0,34.0,6370,29/4/20
756.0,14.0,7.0,24.0,5.0,13.0,1.0,8.0,38.0,4964,30/4/20
741.0,14.0,9.0,25.0,4.0,23.0,1.0,9.0,16.0,2719,1/5/20
670.0,16.0,6.0,24.0,6.0,22.0,4.0,12.0,25.0,6066,2/5/20
462.0,14.0,6.0,29.0,6.0,19.0,4.0,13.0,14.0,3245,3/5/20
524.0,10.0,6.0,25.0,4.0,15.0,4.0,13.0,27.0,4922,4/5/20
325.0,10.0,4.0,23.0,3.0,19.0,5.0,9.0,29.0,6085,5/5/20
310.0,10.0,4.0,20.0,8.0,21.0,3.0,15.0,29.0,4880,6/5/20
310.0,15.0,3.0,27.0,5.0,12.0,5.0,11.0,38.0,7579,7/5/20
314.0,11.0,6.0,27.0,6.0,16.0,4.0,9.0,35.0,4475,8/5/20
263.0,9.0,8.0,25.0,5.0,18.0,4.0,11.0,31.0,4203,9/5/20
280.0,10.0,7.0,22.0,7.0,13.0,3.0,13.0,21.0,2691,10/5/20
591.0,11.0,8.0,26.0,6.0,12.0,5.0,11.0,30.0,4243,11/5/20
558.0,9.0,5.0,21.0,4.0,13.0,4.0,12.0,40.0,6796,12/5/20
598.0,13.0,3.0,23.0,4.0,18.0,3.0,15.0,46.0,9251,13/5/20
541.0,8.0,5.0,26.0,5.0,18.0,8.0,15.0,32.0,6709,14/5/20
579.0,10.0,5.0,22.0,7.0,16.0,3.0,14.0,35.0,5180,15/5/20
328.0,10.0,4.0,23.0,8.0,21.0,3.0,15.0,27.0,4156,16/5/20
305.0,15.0,6.0,23.0,6.0,15.0,0.0,14.0,18.0,3340,17/5/20
566.0,12.0,3.0,29.0,2.0,13.0,5.0,12.0,25.0,6078,18/5/20
591.0,9.0,3.0,23.0,4.0,13.0,5.0,12.0,27.0,5491,19/5/20
489.0,4.0,4.0,28.0,5.0,10.0,1.0,15.0,19.0,273,20/5/20
524.0,7.0,6.0,21.0,7.0,16.0,6.0,10.0,27.0,3674,21/5/20
573.0,8.0,4.0,22.0,5.0,11.0,1.0,11.0,22.0,2168,22/5/20
326.0,6.0,3.0,31.0,7.0,16.0,2.0,8.0,16.0,-1193,23/5/20
316.0,9.0,7.0,20.0,3.0,13.0,4.0,12.0,20.0,4421,24/5/20
572.0,7.0,4.0,27.0,5.0,13.0,7.0,7.0,26.0,3448,25/5/20
564.0,13.0,5.0,19.0,6.0,12.0,2.0,18.0,29.0,6333,26/5/20
437.0,10.0,7.0,27.0,4.0,13.0,2.0,9.0,28.0,2927,27/5/20
521.0,9.0,4.0,21.0,3.0,16.0,4.0,12.0,17.0,4481,28/5/20
507.0,7.0,4.0,19.0,4.0,12.0,4.0,16.0,20.0,4673,29/5/20
315.0,11.0,5.0,24.0,7.0,13.0,3.0,11.0,20.0,2502,30/5/20
232.0,10.0,5.0,21.0,9.0,21.0,6.0,10.0,15.0,2629,31/5/20
442.0,7.0,5.0,25.0,7.0,10.0,3.0,12.0,31.0,2562,1/6/20
411.0,7.0,3.0,25.0,12.0,8.0,3.0,11.0,19.0,-1060,2/6/20
452.0,8.0,8.0,19.0,4.0,13.0,3.0,10.0,18.0,2649,3/6/20
408.0,9.0,5.0,19.0,7.0,12.0,3.0,13.0,17.0,2559,4/6/20
489.0,5.0,2.0,17.0,5.0,11.0,3.0,14.0,24.0,3932,5/6/20
259.0,9.0,4.0,20.0,5.0,16.0,4.0,5.0,8.0,1330,6/6/20
235.0,14.0,4.0,21.0,7.0,17.0,4.0,6.0,16.0,3230,7/6/20
432.0,10.0,5.0,19.0,4.0,10.0,2.0,12.0,15.0,3145,8/6/20
355.0,9.0,3.0,21.0,5.0,15.0,2.0,11.0,17.0,2750,9/6/20
373.0,6.0,4.0,14.0,5.0,13.0,1.0,6.0,14.0,886,10/6/20
334.0,7.0,5.0,28.0,7.0,17.0,3.0,10.0,16.0,115,11/6/20
379.0,3.0,2.0,25.0,6.0,16.0,1.0,9.0,17.0,-754,12/6/20
164.0,6.0,5.0,26.0,4.0,18.0,3.0,9.0,14.0,941,13/6/20
187.0,9.0,3.0,22.0,4.0,13.0,1.0,9.0,9.0,1066,14/6/20
331.0,5.0,3.0,24.0,6.0,14.0,4.0,12.0,14.0,1174,15/6/20
308.0,6.0,2.0,23.0,4.0,11.0,1.0,5.0,16.0,193,16/6/20
299.0,5.0,4.0,22.0,6.0,12.0,3.0,6.0,14.0,-296,17/6/20
310.0,6.0,6.0,18.0,6.0,11.0,3.0,13.0,13.0,1443,18/6/20
294.0,7.0,4.0,15.0,8.0,14.0,2.0,7.0,14.0,465,19/6/20
280.0,8.0,2.0,22.0,9.0,17.0,1.0,12.0,14.0,267,20/6/20
256.0,7.0,4.0,23.0,5.0,23.0,5.0,10.0,13.0,2595,21/6/20
324.0,7.0,4.0,18.0,4.0,13.0,1.0,4.0,15.0,761,22/6/20
362.0,8.0,2.0,23.0,9.0,9.0,2.0,11.0,19.0,587,23/6/20
410.0,4.0,5.0,28.0,8.0,12.0,4.0,11.0,14.0,-1170,24/6/20
378.0,10.0,4.0,19.0,10.0,13.0,1.0,9.0,17.0,281,25/6/20
417.0,5.0,3.0,19.0,5.0,16.0,2.0,8.0,18.0,1418,26/6/20
336.0,6.0,5.0,23.0,6.0,12.0,1.0,12.0,12.0,-262,27/6/20
287.0,9.0,3.0,25.0,5.0,11.0,4.0,17.0,10.0,2941,28/6/20
427.0,4.0,4.0,15.0,5.0,12.0,3.0,12.0,23.0,3169,29/6/20
467.0,4.0,4.0,20.0,7.0,13.0,3.0,11.0,15.0,391,30/6/20
586.0,7.0,4.0,17.0,5.0,12.0,1.0,9.0,14.0,1246,1/7/20
457.0,6.0,5.0,18.0,6.0,16.0,2.0,8.0,14.0,647,2/7/20
579.0,7.0,5.0,26.0,5.0,12.0,1.0,11.0,8.0,-708,3/7/20
461.0,6.0,2.0,22.0,4.0,16.0,0.0,10.0,8.0,64,4/7/20
463.0,8.0,9.0,29.0,5.0,19.0,2.0,13.0,8.0,-314,5/7/20
754.0,5.0,3.0,26.0,7.0,14.0,3.0,15.0,20.0,1390,6/7/20
834.0,6.0,5.0,22.0,3.0,10.0,3.0,14.0,15.0,2611,7/7/20
945.0,6.0,3.0,26.0,6.0,15.0,2.0,16.0,12.0,887,8/7/20
957.0,9.0,5.0,20.0,7.0,14.0,1.0,15.0,13.0,1527,9/7/20
1179.0,7.0,3.0,23.0,9.0,13.0,1.0,17.0,15.0,496,10/7/20
916.0,8.0,2.0,23.0,10.0,8.0,1.0,13.0,9.0,-1235,11/7/20
897.0,8.0,6.0,20.0,5.0,14.0,1.0,17.0,11.0,1988,12/7/20
1439.0,7.0,5.0,27.0,7.0,13.0,5.0,14.0,16.0,1627,13/7/20
1561.0,5.0,4.0,26.0,7.0,10.0,1.0,13.0,19.0,-294,14/7/20
1888.0,7.0,7.0,19.0,10.0,13.0,2.0,27.0,19.0,2884,15/7/20
1747.0,10.0,4.0,19.0,7.0,10.0,4.0,38.0,8.0,6778,16/7/20
2065.0,8.0,4.0,20.0,5.0,14.0,1.0,38.0,16.0,6837,17/7/20
1839.0,5.0,8.0,29.0,8.0,13.0,4.0,27.0,20.0,2342,18/7/20
1642.0,12.0,9.0,25.0,9.0,13.0,6.0,31.0,12.0,5122,19/7/20
2400.0,7.0,8.0,23.0,12.0,11.0,6.0,29.0,23.0,3740,20/7/20
2413.0,7.0,5.0,24.0,12.0,11.0,6.0,35.0,31.0,6207,21/7/20
2466.0,7.0,7.0,24.0,9.0,19.0,3.0,39.0,23.0,5999,22/7/20
2314.0,7.0,8.0,25.0,5.0,17.0,4.0,39.0,27.0,8174,23/7/20
2541.0,11.0,9.0,24.0,7.0,11.0,3.0,42.0,21.0,7663,24/7/20
2131.0,9.0,5.0,21.0,11.0,10.0,7.0,40.0,25.0,8207,25/7/20
1982.0,8.0,8.0,37.0,6.0,12.0,5.0,42.0,23.0,6419,26/7/20
3046.0,8.0,9.0,22.0,7.0,12.0,2.0,39.0,27.0,6895,27/7/20
3165.0,7.0,6.0,25.0,8.0,10.0,6.0,46.0,22.0,8344,28/7/20
3272.0,8.0,7.0,30.0,7.0,17.0,2.0,33.0,27.0,5117,29/7/20
3142.0,10.0,4.0,32.0,7.0,16.0,8.0,45.0,42.0,12519,30/7/20
3634.0,6.0,10.0,37.0,6.0,7.0,3.0,38.0,30.0,4582,31/7/20
3740.0,7.0,7.0,20.0,5.0,15.0,4.0,48.0,22.0,9997,1/8/20
2861.0,10.0,3.0,32.0,5.0,15.0,9.0,44.0,15.0,10109,2/8/20
4155.0,6.0,6.0,27.0,8.0,17.0,3.0,50.0,23.0,7717,3/8/20
4724.0,12.0,5.0,28.0,8.0,19.0,7.0,53.0,24.0,12055,4/8/20
4645.0,12.0,7.0,20.0,10.0,20.0,6.0,58.0,21.0,12328,5/8/20
4628.0,6.0,9.0,34.0,5.0,15.0,6.0,60.0,30.0,11328,6/8/20
5380.0,9.0,5.0,27.0,5.0,15.0,6.0,71.0,24.0,15205,7/8/20
4268.0,7.0,11.0,31.0,4.0,14.0,6.0,57.0,20.0,10288,8/8/20
4075.0,10.0,10.0,38.0,8.0,14.0,5.0,64.0,26.0,10346,9/8/20
6112.0,10.0,6.0,34.0,9.0,14.0,9.0,74.0,37.0,16106,10/8/20
6436.0,9.0,5.0,30.0,9.0,13.0,10.0,79.0,28.0,16654,11/8/20
6543.0,14.0,12.0,33.0,5.0,16.0,4.0,60.0,28.0,12524,12/8/20
6330.0,9.0,6.0,63.0,8.0,12.0,11.0,77.0,37.0,13024,13/8/20
7158.0,11.0,10.0,41.0,10.0,13.0,8.0,77.0,45.0,15477,14/8/20
5658.0,10.0,7.0,41.0,8.0,13.0,6.0,58.0,26.0,9590,15/8/20
4975.0,10.0,10.0,58.0,9.0,22.0,9.0,76.0,35.0,12334,16/8/20
7179.0,8.0,9.0,44.0,7.0,15.0,6.0,86.0,39.0,15604,17/8/20
8404.0,11.0,10.0,36.0,11.0,19.0,8.0,86.0,41.0,17282,18/8/20
8404.0,6.0,6.0,43.0,10.0,16.0,9.0,81.0,33.0,13918,19/8/20
8372.0,11.0,12.0,40.0,7.0,17.0,8.0,97.0,32.0,18755,20/8/20
9565.0,8.0,7.0,59.0,2.0,22.0,10.0,83.0,39.0,17114,21/8/20
6696.0,12.0,10.0,60.0,6.0,20.0,11.0,80.0,38.0,15751,22/8/20
5950.0,17.0,9.0,54.0,7.0,19.0,14.0,82.0,26.0,17970,23/8/20
8202.0,10.0,9.0,44.0,8.0,19.0,8.0,91.0,34.0,17124,24/8/20
10174.0,13.0,7.0,35.0,7.0,19.0,7.0,85.0,41.0,19570,25/8/20
9746.0,13.0,7.0,40.0,7.0,17.0,9.0,82.0,41.0,18968,26/8/20
9417.0,9.0,7.0,33.0,6.0,16.0,13.0,80.0,38.0,20019,27/8/20
10874.0,8.0,7.0,41.0,7.0,16.0,8.0,85.0,21.0,14686,28/8/20
7328.0,9.0,10.0,38.0,10.0,17.0,5.0,73.0,21.0,10369,29/8/20
6399.0,11.0,13.0,44.0,10.0,16.0,4.0,69.0,32.0,9872,30/8/20
8431.0,13.0,8.0,36.0,8.0,14.0,9.0,74.0,37.0,16857,31/8/20
11359.0,13.0,7.0,33.0,5.0,18.0,7.0,68.0,38.0,17105,1/9/20
10525.0,17.0,9.0,61.0,8.0,36.0,6.0,78.0,48.0,16223,2/9/20
10403.0,15.0,12.0,47.0,5.0,28.0,4.0,47.0,48.0,11541,3/9/20
11519.0,17.0,3.0,53.0,9.0,29.0,1.0,75.0,48.0,14971,4/9/20
8763.0,15.0,6.0,46.0,16.0,22.0,3.0,48.0,42.0,6755,5/9/20
7422.0,18.0,11.0,50.0,2.0,24.0,15.0,68.0,30.0,19258,6/9/20
9444.0,12.0,12.0,39.0,8.0,19.0,3.0,58.0,46.0,11482,7/9/20
11439.0,13.0,10.0,47.0,12.0,17.0,5.0,60.0,43.0,9926,8/9/20
11871.0,23.0,11.0,45.0,15.0,23.0,8.0,72.0,47.0,16311,9/9/20
11639.0,17.0,9.0,39.0,7.0,28.0,12.0,55.0,39.0,16628,10/9/20
12165.0,13.0,8.0,45.0,7.0,16.0,10.0,49.0,29.0,10718,11/9/20
9409.0,15.0,9.0,69.0,15.0,28.0,3.0,66.0,30.0,5240,12/9/20
8107.0,31.0,9.0,72.0,11.0,25.0,5.0,60.0,34.0,11577,13/9/20
10694.0,22.0,14.0,60.0,8.0,24.0,9.0,50.0,40.0,11582,14/9/20
12294.0,19.0,10.0,54.0,13.0,31.0,13.0,60.0,29.0,12516,15/9/20
12170.0,18.0,9.0,50.0,6.0,33.0,7.0,63.0,33.0,14554,16/9/20
11684.0,21.0,11.0,39.0,13.0,26.0,8.0,76.0,36.0,16866,17/9/20
14323.0,21.0,15.0,59.0,6.0,16.0,8.0,62.0,40.0,13485,18/9/20
8530.0,19.0,14.0,52.0,6.0,22.0,10.0,50.0,22.0,10618,19/9/20
7291.0,29.0,13.0,61.0,6.0,19.0,8.0,94.0,16.0,18930,20/9/20
9966.0,14.0,14.0,47.0,15.0,19.0,9.0,70.0,49.0,12798,21/9/20
12468.0,26.0,12.0,41.0,6.0,25.0,9.0,66.0,40.0,19905,22/9/20
11808.0,14.0,7.0,47.0,7.0,18.0,9.0,68.0,53.0,17252,23/9/20
11287.0,17.0,13.0,49.0,7.0,28.0,9.0,73.0,51.0,18164,24/9/20
11916.0,19.0,9.0,54.0,11.0,21.0,5.0,62.0,55.0,13472,25/9/20
7868.0,19.0,6.0,41.0,9.0,32.0,7.0,63.0,36.0,15818,26/9/20
6398.0,22.0,15.0,42.0,12.0,27.0,3.0,79.0,31.0,14413,27/9/20
9238.0,25.0,7.0,40.0,7.0,19.0,14.0,67.0,32.0,20970,28/9/20
10697.0,18.0,8.0,50.0,6.0,17.0,3.0,59.0,34.0,11621,29/9/20
10141.0,22.0,17.0,49.0,10.0,20.0,5.0,56.0,30.0,9931,30/9/20
10734.0,24.0,17.0,34.0,10.0,15.0,7.0,45.0,25.0,10738,1/10/20
11053.0,14.0,8.0,37.0,6.0,18.0,9.0,52.0,23.0,12130,2/10/20
8094.0,15.0,8.0,32.0,8.0,20.0,4.0,54.0,33.0,12123,3/10/20
7516.0,29.0,12.0,33.0,5.0,19.0,5.0,62.0,13.0,16235,4/10/20
11228.0,20.0,11.0,46.0,6.0,21.0,7.0,52.0,32.0,12711,5/10/20
12711.0,13.0,16.0,43.0,7.0,14.0,3.0,49.0,26.0,6428,6/10/20
12429.0,13.0,13.0,47.0,15.0,24.0,5.0,46.0,29.0,4162,7/10/20
12648.0,27.0,7.0,46.0,3.0,23.0,11.0,70.0,36.0,22379,8/10/20
13551.0,18.0,14.0,33.0,7.0,20.0,3.0,58.0,41.0,13804,9/10/20
10921.0,28.0,9.0,31.0,5.0,27.0,10.0,46.0,30.0,18434,10/10/20
8996.0,24.0,16.0,37.0,7.0,24.0,3.0,55.0,11.0,10483,11/10/20
10957.0,22.0,9.0,44.0,9.0,29.0,3.0,71.0,24.0,13948,12/10/20
14364.0,13.0,11.0,52.0,9.0,22.0,4.0,69.0,18.0,8455,13/10/20
16325.0,20.0,10.0,38.0,11.0,21.0,6.0,62.0,24.0,12420,14/10/20
16464.0,18.0,10.0,40.0,7.0,25.0,9.0,75.0,38.0,18819,15/10/20
17465.0,17.0,9.0,44.0,8.0,21.0,5.0,72.0,46.0,16272,16/10/20
14249.0,18.0,13.0,39.0,4.0,27.0,6.0,75.0,25.0,16903,17/10/20
13053.0,23.0,15.0,36.0,3.0,35.0,3.0,76.0,26.0,18549,18/10/20
20819.0,21.0,13.0,37.0,7.0,23.0,5.0,66.0,48.0,17675,19/10/20
22527.0,26.0,10.0,44.0,10.0,27.0,11.0,63.0,45.0,19135,20/10/20
22179.0,20.0,11.0,50.0,12.0,19.0,9.0,83.0,41.0,17277,21/10/20
21126.0,27.0,10.0,55.0,7.0,24.0,10.0,79.0,39.0,20599,22/10/20
22176.0,23.0,11.0,39.0,4.0,17.0,8.0,61.0,41.0,18616,23/10/20
17306.0,16.0,9.0,53.0,4.0,23.0,11.0,76.0,42.0,19008,24/10/20
15426.0,26.0,10.0,39.0,5.0,16.0,10.0,52.0,30.0,16963,25/10/20
22444.0,24.0,17.0,45.0,8.0,28.0,11.0,74.0,43.0,19933,26/10/20
23077.0,18.0,6.0,36.0,6.0,18.0,10.0,74.0,29.0,19130,27/10/20
22152.0,23.0,14.0,36.0,5.0,28.0,10.0,79.0,46.0,23595,28/10/20
20593.0,20.0,7.0,37.0,8.0,14.0,7.0,65.0,44.0,17504,29/10/20
21476.0,28.0,13.0,42.0,7.0,27.0,13.0,81.0,35.0,23692,30/10/20
16751.0,12.0,6.0,25.0,10.0,16.0,11.0,54.0,35.0,14672,31/10/20
16018.0,38.0,9.0,48.0,9.0,26.0,7.0,67.0,40.0,21264,1/11/20
19289.0,20.0,15.0,33.0,10.0,30.0,13.0,59.0,38.0,17482,2/11/20
21385.0,19.0,11.0,30.0,7.0,29.0,5.0,66.0,36.0,17147,3/11/20
20428.0,15.0,8.0,50.0,11.0,20.0,12.0,56.0,30.0,11399,4/11/20
19642.0,23.0,9.0,48.0,4.0,16.0,14.0,45.0,37.0,16470,5/11/20
19435.0,13.0,12.0,34.0,6.0,30.0,11.0,60.0,38.0,16570,6/11/20
15475.0,20.0,7.0,32.0,8.0,17.0,9.0,40.0,37.0,13700,7/11/20
12627.0,25.0,12.0,36.0,8.0,24.0,6.0,57.0,27.0,14865,8/11/20
17309.0,16.0,6.0,44.0,13.0,25.0,7.0,53.0,42.0,11341,9/11/20
17856.0,24.0,10.0,36.0,7.0,19.0,6.0,46.0,37.0,14286,10/11/20
16574.0,14.0,7.0,30.0,8.0,24.0,8.0,64.0,41.0,17026,11/11/20
14958.0,25.0,10.0,31.0,8.0,31.0,5.0,54.0,51.0,18494,12/11/20
14895.0,25.0,7.0,39.0,8.0,28.0,6.0,41.0,34.0,13330,13/11/20
11681.0,22.0,12.0,36.0,4.0,28.0,5.0,36.0,30.0,11861,14/11/20
9283.0,23.0,7.0,43.0,5.0,33.0,11.0,34.0,26.0,13284,15/11/20
13429.0,17.0,8.0,43.0,11.0,20.0,11.0,55.0,41.0,13960,16/11/20
13322.0,21.0,7.0,33.0,8.0,21.0,5.0,57.0,49.0,17150,17/11/20
11830.0,19.0,8.0,28.0,6.0,26.0,5.0,42.0,58.0,16622,18/11/20
10018.0,17.0,8.0,40.0,7.0,26.0,5.0,38.0,50.0,11940,19/11/20
10397.0,17.0,9.0,29.0,6.0,25.0,5.0,39.0,33.0,11781,20/11/20
8007.0,13.0,9.0,41.0,7.0,18.0,7.0,35.0,32.0,7851,21/11/20
6314.0,9.0,10.0,30.0,3.0,15.0,3.0,27.0,30.0,6217,22/11/20
9166.0,19.0,7.0,28.0,7.0,30.0,7.0,32.0,39.0,13038,23/11/20
9081.0,23.0,6.0,26.0,10.0,29.0,5.0,33.0,26.0,11125,24/11/20
8434.0,14.0,6.0,29.0,9.0,25.0,6.0,34.0,28.0,8880,25/11/20
7697.0,14.0,5.0,24.0,6.0,19.0,5.0,30.0,25.0,9174,26/11/20
8428.0,7.0,5.0,21.0,4.0,14.0,2.0,26.0,29.0,6531,27/11/20
6307.0,12.0,6.0,18.0,2.0,10.0,0.0,13.0,19.0,4490,28/11/20
5029.0,14.0,5.0,20.0,4.0,13.0,2.0,16.0,13.0,4890,29/11/20
7552.0,14.0,7.0,16.0,6.0,13.0,3.0,18.0,29.0,7271,30/11/20
8603.0,7.0,9.0,19.0,4.0,19.0,3.0,24.0,26.0,6137,1/12/20
7904.0,15.0,10.0,25.0,2.0,16.0,2.0,26.0,24.0,7959,2/12/20
6964.0,13.0,5.0,20.0,3.0,19.0,3.0,27.0,39.0,11170,3/12/20
7292.0,14.0,2.0,16.0,6.0,13.0,4.0,20.0,29.0,8811,4/12/20
5828.0,4.0,7.0,13.0,3.0,9.0,2.0,19.0,24.0,4704,5/12/20
4885.0,8.0,6.0,21.0,3.0,11.0,4.0,19.0,39.0,7800,6/12/20
6838.0,12.0,8.0,18.0,3.0,13.0,4.0,15.0,49.0,9905,7/12/20
6418.0,19.0,2.0,26.0,6.0,14.0,2.0,19.0,31.0,8165,8/12/20
8871.0,11.0,8.0,19.0,6.0,6.0,2.0,22.0,32.0,6071,9/12/20
9529.0,11.0,4.0,18.0,5.0,13.0,2.0,24.0,32.0,7973,10/12/20
10009.0,11.0,5.0,26.0,6.0,20.0,3.0,19.0,34.0,6294,11/12/20
8300.0,9.0,6.0,16.0,6.0,17.0,3.0,23.0,30.0,7103,12/12/20
6693.0,14.0,4.0,25.0,2.0,11.0,4.0,25.0,28.0,9461,13/12/20
10561.0,13.0,7.0,21.0,6.0,17.0,4.0,20.0,43.0,9021,14/12/20
11108.0,14.0,2.0,24.0,6.0,22.0,4.0,26.0,38.0,10345,15/12/20
10525.0,10.0,7.0,15.0,6.0,14.0,3.0,24.0,51.0,10220,16/12/20
9713.0,8.0,5.0,21.0,6.0,14.0,5.0,35.0,41.0,10511,17/12/20
10763.0,15.0,6.0,24.0,2.0,15.0,7.0,34.0,39.0,14188,18/12/20
8538.0,7.0,6.0,14.0,2.0,14.0,5.0,17.0,34.0,8507,19/12/20
7400.0,14.0,9.0,23.0,3.0,13.0,2.0,36.0,32.0,10441,20/12/20
11088.0,14.0,3.0,22.0,2.0,14.0,3.0,34.0,40.0,13063,21/12/20
11634.0,13.0,5.0,18.0,4.0,15.0,5.0,31.0,24.0,10447,22/12/20
11839.0,18.0,6.0,24.0,2.0,15.0,6.0,29.0,46.0,14723,23/12/20
10505.0,6.0,7.0,27.0,4.0,21.0,3.0,37.0,38.0,8987,24/12/20
8077.0,14.0,8.0,19.0,4.0,20.0,6.0,25.0,23.0,9584,25/12/20
10071.0,19.0,12.0,29.0,5.0,13.0,2.0,35.0,17.0,7664,26/12/20
10385.0,19.0,13.0,30.0,7.0,19.0,6.0,28.0,34.0,9442,27/12/20
16541.0,15.0,7.0,24.0,6.0,16.0,5.0,42.0,23.0,10991,28/12/20
16240.0,13.0,10.0,29.0,6.0,15.0,3.0,49.0,23.0,9554,29/12/20
16795.0,14.0,9.0,26.0,3.0,18.0,4.0,46.0,33.0,13047,30/12/20
14961.0,10.0,7.0,18.0,1.0,10.0,4.0,42.0,35.0,13243,31/12/20
13493.0,13.0,10.0,30.0,5.0,19.0,5.0,32.0,20.0,7300,1/1/21
15752.0,13.0,7.0,22.0,4.0,12.0,6.0,43.0,21.0,11613,2/1/21
15790.0,12.0,14.0,28.0,3.0,17.0,4.0,47.0,21.0,9900,3/1/21
24943.0,12.0,5.0,30.0,5.0,11.0,9.0,49.0,29.0,13311,4/1/21
29244.0,10.0,6.0,19.0,3.0,9.0,6.0,41.0,38.0,13403,5/1/21
19863.0,8.0,9.0,21.0,2.0,12.0,2.0,49.0,21.0,10164,6/1/21
27571.0,18.0,4.0,33.0,4.0,12.0,9.0,38.0,26.0,12933,7/1/21
33454.0,14.0,6.0,21.0,4.0,12.0,5.0,37.0,33.0,12294,8/1/21
26812.0,12.0,7.0,16.0,3.0,18.0,8.0,36.0,22.0,12599,9/1/21
24090.0,12.0,7.0,16.0,4.0,13.0,7.0,37.0,19.0,11308,10/1/21
35575.0,12.0,5.0,23.0,4.0,26.0,2.0,36.0,25.0,9751,11/1/21
36515.0,14.0,3.0,25.0,4.0,16.0,7.0,40.0,28.0,13062,12/1/21
35626.0,20.0,8.0,20.0,8.0,19.0,11.0,62.0,35.0,20128,13/1/21
34878.0,13.0,6.0,28.0,3.0,12.0,6.0,55.0,26.0,14135,14/1/21
39279.0,15.0,7.0,30.0,6.0,17.0,5.0,58.0,31.0,14138,15/1/21
30477.0,16.0,9.0,31.0,2.0,20.0,7.0,60.0,24.0,16069,16/1/21
25326.0,19.0,4.0,30.0,6.0,16.0,2.0,53.0,25.0,12854,17/1/21
38770.0,14.0,4.0,37.0,4.0,17.0,6.0,62.0,27.0,14648,18/1/21
38939.0,13.0,9.0,40.0,3.0,16.0,7.0,58.0,24.0,12749,19/1/21
37894.0,13.0,6.0,28.0,6.0,15.0,6.0,53.0,36.0,14005,20/1/21
34156.0,12.0,3.0,35.0,7.0,18.0,10.0,54.0,32.0,14119,21/1/21
36801.0,14.0,3.0,25.0,5.0,17.0,7.0,52.0,40.0,16506,22/1/21
27736.0,16.0,7.0,29.0,5.0,20.0,10.0,65.0,35.0,19059,23/1/21
22176.0,15.0,7.0,43.0,6.0,22.0,7.0,57.0,30.0,12907,24/1/21
32279.0,16.0,4.0,31.0,8.0,21.0,14.0,48.0,27.0,15472,25/1/21
31464.0,13.0,8.0,38.0,10.0,22.0,7.0,59.0,23.0,10693,26/1/21
29373.0,13.0,9.0,32.0,2.0,23.0,6.0,48.0,50.0,15914,27/1/21
26240.0,12.0,8.0,31.0,9.0,19.0,7.0,43.0,35.0,10328,28/1/21
25591.0,15.0,12.0,30.0,3.0,26.0,3.0,51.0,31.0,12957,29/1/21
19009.0,14.0,8.0,33.0,8.0,19.0,6.0,50.0,31.0,11421,30/1/21
13930.0,15.0,3.0,30.0,4.0,16.0,10.0,36.0,23.0,12448,31/1/21
21593.0,8.0,9.0,16.0,7.0,18.0,11.0,46.0,37.0,14451,1/2/21
20672.0,21.0,7.0,25.0,10.0,24.0,4.0,36.0,37.0,11829,2/2/21
18002.0,14.0,5.0,31.0,5.0,21.0,4.0,47.0,30.0,12007,3/2/21
15793.0,13.0,5.0,22.0,5.0,19.0,5.0,45.0,20.0,11693,4/2/21
15830.0,11.0,8.0,23.0,5.0,20.0,6.0,30.0,18.0,7875,5/2/21
11113.0,15.0,8.0,27.0,7.0,21.0,4.0,35.0,21.0,8254,6/2/21
8194.0,15.0,3.0,27.0,4.0,19.0,3.0,33.0,23.0,9622,7/2/21
12437.0,11.0,5.0,26.0,5.0,18.0,3.0,36.0,32.0,9485,8/2/21
11817.0,15.0,7.0,24.0,9.0,20.0,5.0,35.0,18.0,8009,9/2/21
10501.0,11.0,9.0,30.0,6.0,19.0,6.0,25.0,20.0,5524,10/2/21
9216.0,7.0,8.0,31.0,4.0,21.0,7.0,23.0,21.0,5354,11/2/21
9583.0,8.0,6.0,28.0,3.0,19.0,4.0,26.0,10.0,4610,12/2/21
6848.0,8.0,3.0,26.0,5.0,13.0,1.0,21.0,17.0,3001,13/2/21
5600.0,12.0,2.0,19.0,6.0,16.0,5.0,23.0,9.0,6203,14/2/21
8327.0,14.0,8.0,21.0,4.0,14.0,6.0,24.0,14.0,7595,15/2/21
8110.0,17.0,5.0,18.0,6.0,18.0,6.0,30.0,16.0,10220,16/2/21
7133.0,16.0,5.0,26.0,9.0,15.0,4.0,28.0,16.0,6092,17/2/21
6525.0,16.0,12.0,26.0,7.0,18.0,2.0,16.0,18.0,3225,18/2/21
6554.0,8.0,4.0,25.0,10.0,21.0,8.0,22.0,20.0,4828,19/2/21
5183.0,13.0,4.0,22.0,6.0,22.0,5.0,13.0,21.0,5796,20/2/21
4246.0,16.0,4.0,32.0,3.0,11.0,4.0,25.0,11.0,6367,21/2/21
6447.0,14.0,6.0,19.0,9.0,18.0,4.0,22.0,17.0,5558,22/2/21
6256.0,14.0,5.0,25.0,4.0,10.0,3.0,13.0,16.0,4219,23/2/21
5516.0,16.0,7.0,25.0,4.0,12.0,4.0,24.0,12.0,6574,24/2/21
5064.0,9.0,4.0,19.0,8.0,20.0,2.0,27.0,13.0,4365,25/2/21
5461.0,15.0,8.0,25.0,4.0,15.0,4.0,18.0,13.0,5282,26/2/21
4058.0,11.0,7.0,23.0,3.0,17.0,7.0,25.0,14.0,7653,27/2/21
3699.0,17.0,8.0,17.0,11.0,14.0,5.0,22.0,12.0,5236,28/2/21
5585.0,11.0,4.0,21.0,9.0,21.0,3.0,24.0,10.0,3793,1/3/21
5237.0,17.0,2.0,22.0,2.0,18.0,4.0,16.0,18.0,8551,2/3/21
5215.0,11.0,3.0,16.0,5.0,14.0,2.0,11.0,11.0,3308,3/3/21
4672.0,17.0,6.0,23.0,8.0,14.0,5.0,13.0,17.0,4844,4/3/21
4952.0,11.0,6.0,21.0,6.0,15.0,4.0,15.0,17.0,4082,5/3/21
3942.0,11.0,3.0,24.0,8.0,15.0,4.0,18.0,17.0,3810,6/3/21
3517.0,10.0,6.0,30.0,8.0,19.0,4.0,14.0,8.0,397,7/3/21
5158.0,11.0,1.0,18.0,4.0,15.0,2.0,20.0,10.0,5301,8/3/21
4988.0,14.0,5.0,21.0,7.0,21.0,4.0,21.0,10.0,5271,9/3/21
4944.0,9.0,7.0,23.0,8.0,17.0,3.0,17.0,18.0,2361,10/3/21
4670.0,10.0,6.0,23.0,7.0,18.0,4.0,17.0,11.0,2782,11/3/21
5086.0,11.0,7.0,17.0,10.0,11.0,2.0,17.0,18.0,2372,12/3/21
3998.0,12.0,4.0,20.0,9.0,10.0,4.0,15.0,13.0,2837,13/3/21
3628.0,8.0,6.0,21.0,7.0,23.0,3.0,23.0,13.0,3676,14/3/21
5677.0,11.0,5.0,18.0,6.0,12.0,3.0,14.0,14.0,3547,15/3/21
5423.0,14.0,7.0,27.0,8.0,11.0,3.0,15.0,15.0,2255,16/3/21
5128.0,17.0,10.0,18.0,3.0,15.0,5.0,19.0,13.0,7696,17/3/21
5402.0,9.0,4.0,23.0,8.0,18.0,3.0,16.0,16.0,2419,18/3/21
5086.0,8.0,7.0,15.0,5.0,21.0,3.0,12.0,13.0,3128,19/3/21
4600.0,15.0,4.0,26.0,4.0,17.0,6.0,16.0,14.0,6424,20/3/21
4270.0,11.0,9.0,24.0,5.0,20.0,3.0,20.0,17.0,4350,21/3/21
6756.0,10.0,7.0,21.0,9.0,22.0,3.0,30.0,18.0,5239,22/3/21
6965.0,14.0,5.0,16.0,5.0,22.0,6.0,20.0,11.0,7684,23/3/21
6266.0,16.0,7.0,16.0,7.0,14.0,3.0,22.0,22.0,7363,24/3/21
6141.0,16.0,4.0,22.0,7.0,23.0,2.0,19.0,15.0,5470,25/3/21
6786.0,17.0,5.0,24.0,6.0,13.0,8.0,26.0,19.0,9520,26/3/21
5489.0,15.0,7.0,21.0,9.0,19.0,4.0,20.0,15.0,4833,27/3/21
5075.0,16.0,8.0,24.0,6.0,17.0,4.0,19.0,16.0,5614,28/3/21
7217.0,16.0,8.0,25.0,7.0,20.0,6.0,21.0,15.0,6268,29/3/21
7102.0,18.0,9.0,30.0,9.0,17.0,4.0,26.0,21.0,5897,30/3/21
7216.0,20.0,8.0,28.0,7.0,13.0,3.0,25.0,24.0,7403,31/3/21
6976.0,13.0,6.0,21.0,11.0,19.0,7.0,21.0,12.0,4556,1/4/21
5947.0,22.0,5.0,25.0,12.0,17.0,7.0,23.0,12.0,6800,2/4/21
6905.0,21.0,11.0,26.0,13.0,19.0,7.0,24.0,22.0,6616,3/4/21
6931.0,21.0,6.0,22.0,6.0,18.0,7.0,21.0,15.0,9335,4/4/21
8910.0,26.0,6.0,27.0,3.0,19.0,5.0,31.0,23.0,13517,5/4/21
9482.0,13.0,2.0,20.0,7.0,26.0,6.0,20.0,18.0,7515,6/4/21
8919.0,15.0,3.0,25.0,7.0,21.0,1.0,26.0,20.0,6284,7/4/21
8407.0,11.0,5.0,10.0,9.0,19.0,7.0,20.0,13.0,6532,8/4/21
8717.0,15.0,7.0,29.0,6.0,18.0,7.0,23.0,18.0,6974,9/4/21
7742.0,13.0,4.0,19.0,9.0,16.0,4.0,15.0,17.0,4145,10/4/21
6329.0,20.0,5.0,19.0,6.0,15.0,9.0,15.0,17.0,9453,11/4/21
9295.0,14.0,6.0,27.0,6.0,25.0,5.0,17.0,23.0,6201,12/4/21
9031.0,14.0,5.0,26.0,12.0,20.0,7.0,22.0,12.0,4082,13/4/21
9142.0,16.0,9.0,30.0,10.0,16.0,4.0,27.0,11.0,3668,14/4/21
8381.0,8.0,3.0,25.0,6.0,14.0,7.0,18.0,14.0,4318,15/4/21
8695.0,14.0,6.0,32.0,7.0,21.0,4.0,23.0,16.0,4592,16/4/21
7056.0,22.0,5.0,27.0,6.0,14.0,5.0,20.0,12.0,7424,17/4/21
6503.0,19.0,6.0,35.0,4.0,20.0,2.0,18.0,11.0,4486,18/4/21
8977.0,14.0,5.0,24.0,8.0,15.0,5.0,21.0,20.0,5820,19/4/21
9625.0,17.0,4.0,33.0,4.0,18.0,6.0,22.0,19.0,7804,20/4/21
8329.0,14.0,5.0,18.0,4.0,12.0,3.0,23.0,18.0,7513,21/4/21
8290.0,8.0,4.0,19.0,7.0,12.0,2.0,19.0,15.0,2829,22/4/21
8269.0,14.0,2.0,29.0,10.0,13.0,1.0,23.0,22.0,3566,23/4/21
6715.0,16.0,3.0,23.0,4.0,17.0,5.0,21.0,15.0,7998,24/4/21
5787.0,16.0,4.0,30.0,10.0,23.0,6.0,21.0,21.0,5819,25/4/21
8687.0,15.0,5.0,24.0,7.0,20.0,2.0,25.0,17.0,5914,26/4/21
8329.0,17.0,3.0,24.0,7.0,15.0,2.0,18.0,14.0,4901,27/4/21
7756.0,13.0,4.0,19.0,7.0,12.0,2.0,16.0,21.0,4648,28/4/21
6955.0,27.0,4.0,22.0,2.0,13.0,3.0,17.0,13.0,10271,29/4/21
7395.0,22.0,6.0,24.0,6.0,10.0,8.0,16.0,15.0,8418,30/4/21
5439.0,23.0,3.0,29.0,6.0,14.0,7.0,12.0,15.0,7476,1/5/21
4611.0,15.0,8.0,16.0,5.0,14.0,6.0,20.0,12.0,7265,2/5/21
6623.0,19.0,7.0,25.0,5.0,15.0,2.0,21.0,15.0,6284,3/5/21
6656.0,15.0,7.0,26.0,5.0,18.0,2.0,23.0,19.0,5916,4/5/21
6789.0,15.0,5.0,18.0,10.0,12.0,3.0,26.0,23.0,6578,5/5/21
5566.0,18.0,2.0,19.0,5.0,25.0,4.0,19.0,18.0,9012,6/5/21
5950.0,15.0,6.0,32.0,7.0,20.0,6.0,21.0,17.0,5443,7/5/21
4409.0,27.0,5.0,69.0,6.0,9.0,5.0,18.0,20.0,2985,8/5/21
3861.0,25.0,6.0,38.0,7.0,11.0,7.0,24.0,18.0,8324,9/5/21
6022.0,19.0,6.0,32.0,8.0,18.0,8.0,27.0,24.0,9054,10/5/21
5128.0,16.0,4.0,25.0,7.0,14.0,6.0,23.0,22.0,7857,11/5/21
5032.0,13.0,5.0,22.0,8.0,14.0,7.0,14.0,17.0,4892,12/5/21
4944.0,13.0,5.0,21.0,5.0,14.0,5.0,15.0,22.0,6298,13/5/21
4959.0,12.0,5.0,25.0,7.0,19.0,8.0,18.0,32.0,7914,14/5/21
4038.0,20.0,4.0,29.0,10.0,13.0,3.0,16.0,20.0,4429,15/5/21
3456.0,17.0,3.0,22.0,3.0,15.0,6.0,21.0,14.0,9057,16/5/21
5504.0,23.0,3.0,15.0,13.0,21.0,3.0,16.0,25.0,7520,17/5/21
5409.0,14.0,6.0,28.0,6.0,12.0,2.0,12.0,24.0,3346,18/5/21
4606.0,16.0,4.0,26.0,16.0,25.0,3.0,16.0,20.0,1776,19/5/21
4785.0,16.0,6.0,24.0,8.0,17.0,4.0,16.0,19.0,4936,20/5/21
4815.0,15.0,7.0,26.0,7.0,18.0,4.0,17.0,17.0,4544,21/5/21
3621.0,12.0,5.0,23.0,7.0,17.0,5.0,13.0,21.0,4505,22/5/21
3246.0,20.0,7.0,24.0,4.0,19.0,4.0,19.0,16.0,7958,23/5/21
4855.0,19.0,5.0,22.0,7.0,17.0,6.0,18.0,22.0,8346,24/5/21
4857.0,13.0,4.0,25.0,7.0,14.0,5.0,20.0,28.0,6730,25/5/21
4860.0,18.0,3.0,25.0,13.0,19.0,5.0,15.0,21.0,4409,26/5/21
4272.0,19.0,7.0,21.0,6.0,16.0,4.0,15.0,17.0,6516,27/5/21
4546.0,20.0,7.0,17.0,8.0,9.0,5.0,17.0,14.0,6651,28/5/21
3526.0,19.0,4.0,31.0,7.0,12.0,2.0,13.0,20.0,4019,29/5/21
3012.0,23.0,6.0,37.0,9.0,19.0,2.0,19.0,14.0,3920,30/5/21
4521.0,18.0,4.0,25.0,9.0,20.0,6.0,25.0,30.0,9403,31/5/21
4942.0,15.0,6.0,26.0,7.0,10.0,4.0,14.0,17.0,3727,1/6/21
4512.0,13.0,5.0,30.0,9.0,15.0,6.0,12.0,26.0,3708,2/6/21
3885.0,13.0,3.0,23.0,11.0,19.0,7.0,14.0,28.0,5517,3/6/21
3906.0,10.0,6.0,26.0,6.0,18.0,4.0,24.0,18.0,4951,4/6/21
3190.0,18.0,6.0,27.0,5.0,10.0,6.0,7.0,17.0,4875,5/6/21
2762.0,12.0,5.0,20.0,17.0,22.0,3.0,21.0,24.0,2166,6/6/21
4044.0,12.0,8.0,23.0,6.0,11.0,6.0,19.0,24.0,6071,7/6/21
3608.0,18.0,9.0,28.0,11.0,6.0,8.0,24.0,28.0,7016,8/6/21
3567.0,12.0,6.0,19.0,5.0,17.0,3.0,8.0,28.0,4963,9/6/21
3459.0,14.0,6.0,23.0,6.0,6.0,3.0,10.0,20.0,3319,10/6/21
3381.0,17.0,10.0,14.0,10.0,11.0,5.0,9.0,17.0,3903,11/6/21
2687.0,16.0,5.0,35.0,6.0,18.0,5.0,14.0,24.0,4973,12/6/21
2493.0,14.0,4.0,32.0,9.0,19.0,2.0,14.0,26.0,2797,13/6/21
3815.0,14.0,6.0,26.0,6.0,15.0,8.0,12.0,34.0,7600,14/6/21
3818.0,16.0,5.0,25.0,5.0,14.0,7.0,22.0,25.0,9150,15/6/21
3632.0,19.0,4.0,29.0,9.0,13.0,8.0,16.0,32.0,8167,16/6/21
3334.0,13.0,7.0,21.0,8.0,13.0,7.0,8.0,21.0,4108,17/6/21
3678.0,20.0,7.0,29.0,7.0,11.0,5.0,13.0,29.0,6560,18/6/21
2945.0,18.0,7.0,31.0,6.0,7.0,6.0,14.0,30.0,6553,19/6/21
2907.0,20.0,4.0,24.0,6.0,18.0,3.0,10.0,38.0,8361,20/6/21
4426.0,11.0,4.0,24.0,6.0,10.0,7.0,11.0,34.0,6404,21/6/21
4631.0,14.0,5.0,21.0,13.0,10.0,6.0,14.0,25.0,3743,22/6/21
4575.0,7.0,2.0,20.0,9.0,11.0,6.0,13.0,25.0,3645,23/6/21
4075.0,14.0,3.0,25.0,6.0,18.0,7.0,13.0,33.0,8004,24/6/21
5186.0,13.0,11.0,28.0,5.0,16.0,5.0,26.0,32.0,7772,25/6/21
5901.0,13.0,5.0,32.0,8.0,10.0,7.0,14.0,31.0,4996,26/6/21
6058.0,12.0,4.0,32.0,9.0,14.0,9.0,14.0,26.0,4792,27/6/21
10397.0,12.0,11.0,26.0,8.0,12.0,9.0,26.0,40.0,9027,28/6/21
13109.0,16.0,7.0,31.0,12.0,16.0,4.0,29.0,43.0,7584,29/6/21
12983.0,16.0,12.0,34.0,3.0,10.0,10.0,32.0,45.0,13048,30/6/21
12801.0,18.0,8.0,31.0,5.0,18.0,10.0,26.0,46.0,13360,1/7/21
13793.0,14.0,8.0,39.0,9.0,11.0,13.0,30.0,35.0,9387,2/7/21
12241.0,21.0,12.0,38.0,13.0,13.0,4.0,25.0,41.0,5765,3/7/21
11838.0,20.0,9.0,43.0,9.0,17.0,14.0,32.0,50.0,13591,4/7/21
17751.0,15.0,10.0,24.0,8.0,18.0,16.0,38.0,46.0,16644,5/7/21
20818.0,12.0,5.0,27.0,8.0,19.0,13.0,34.0,34.0,12483,6/7/21
21711.0,16.0,8.0,29.0,11.0,15.0,10.0,43.0,43.0,13165,7/7/21
20585.0,12.0,8.0,44.0,7.0,22.0,10.0,46.0,53.0,13474,8/7/21
22773.0,17.0,8.0,36.0,8.0,20.0,15.0,47.0,69.0,20128,9/7/21
18537.0,17.0,8.0,54.0,6.0,22.0,8.0,39.0,63.0,13131,10/7/21
15980.0,12.0,11.0,35.0,8.0,15.0,9.0,46.0,46.0,12294,11/7/21
27255.0,13.0,7.0,41.0,6.0,16.0,16.0,51.0,69.0,20013,12/7/21
27872.0,16.0,11.0,47.0,6.0,18.0,12.0,60.0,72.0,19951,13/7/21
25180.0,16.0,6.0,46.0,11.0,19.0,13.0,73.0,71.0,21546,14/7/21
23388.0,26.0,10.0,36.0,6.0,21.0,15.0,61.0,59.0,24822,15/7/21
25079.0,20.0,12.0,45.0,9.0,18.0,25.0,68.0,67.0,26323,16/7/21
17827.0,24.0,10.0,39.0,10.0,25.0,19.0,54.0,72.0,24358,17/7/21
15256.0,18.0,9.0,47.0,8.0,23.0,15.0,52.0,41.0,15993,18/7/21
18613.0,17.0,11.0,100.0,10.0,19.0,13.0,78.0,82.0,15600,19/7/21
15243.0,18.0,6.0,45.0,9.0,14.0,13.0,48.0,100.0,22092,20/7/21
30587.0,19.0,8.0,44.0,6.0,13.0,10.0,60.0,71.0,20602,21/7/21
29535.0,19.0,11.0,50.0,10.0,20.0,20.0,57.0,87.0,23621,22/7/21
31171.0,10.0,8.0,42.0,8.0,22.0,16.0,60.0,87.0,22285,23/7/21
