casos;tos;dolor de garganta;fiebre;cansancio;dolor de cabeza;tengo covid;sintomas covid;test covid;prediction;fecha;Prediction 2
1.0;27.0;4.0;17.0;2.0;12.0;0.0;0.0;0.0;4.889.708.447.466.460;1/1/20;4890
0.0;16.0;4.0;17.0;2.0;5.0;0.0;0.0;0.0;1.044.256.267.555.490;2/1/20;1044
1.0;23.0;7.0;19.0;3.0;6.0;0.0;0.0;0.0;2.140.314.710.624.890;3/1/20;2140
0.0;21.0;4.0;18.0;2.0;7.0;0.0;0.0;0.0;25.776.211.124.065.000;4/1/20;25776
0.0;16.0;5.0;15.0;2.0;10.0;0.0;0.0;0.0;14.579.729.260.135.900;5/1/20;14580
0.0;19.0;5.0;15.0;3.0;5.0;0.0;0.0;0.0;17.390.297.706.410.700;6/1/20;17390
0.0;18.0;6.0;17.0;1.0;7.0;0.0;0.0;0.0;18.889.104.428.474.600;7/1/20;18889
0.0;17.0;5.0;19.0;3.0;8.0;0.0;0.0;0.0;6.462.430.574.906.060;8/1/20;6462
0.0;19.0;5.0;17.0;2.0;10.0;0.0;0.0;0.0;2.101.064.272.300.920;9/1/20;2101
1.0;15.0;4.0;17.0;3.0;9.0;0.0;0.0;0.0;5.230.436.320.432.670;10/1/20;5230
1.0;22.0;5.0;21.0;3.0;13.0;0.0;0.0;0.0;21.809.417.592.967.400;11/1/20;21809
1.0;20.0;4.0;22.0;4.0;10.0;0.0;0.0;0.0;9.795.753.678.825.540;12/1/20;9796
2.0;17.0;2.0;21.0;5.0;9.0;0.0;0.0;0.0;23.370.184.235.856.700;13/1/20;23370
0.0;14.0;4.0;20.0;3.0;7.0;0.0;0.0;0.0;-35.760.239.393.664.600;14/1/20;-35760
1.0;18.0;5.0;19.0;4.0;7.0;0.0;0.0;0.0;500.350.813.866.713;15/1/20;500
1.0;14.0;3.0;22.0;4.0;5.0;0.0;0.0;0.0;-1.027.428.447.418.230;16/1/20;-1027
1.0;17.0;5.0;18.0;3.0;8.0;0.0;0.0;0.0;7.997.952.896.246.170;17/1/20;7998
2.0;17.0;6.0;18.0;3.0;12.0;0.0;0.0;0.0;8.547.787.874.516.450;18/1/20;8548
0.0;18.0;4.0;28.0;3.0;7.0;0.0;0.0;0.0;-31.909.250.360.159.600;19/1/20;-31909
3.0;15.0;3.0;18.0;4.0;7.0;0.0;0.0;0.0;6.769.810.695.692.080;20/1/20;6770
0.0;16.0;6.0;22.0;1.0;7.0;0.0;0.0;0.0;4.876.854.084.738.360;21/1/20;4877
0.0;15.0;3.0;19.0;2.0;6.0;0.0;0.0;0.0;6.235.798.504.238.930;22/1/20;6236
2.0;18.0;4.0;19.0;4.0;10.0;0.0;0.0;0.0;8.067.681.905.810.180;23/1/20;8068
2.0;16.0;7.0;23.0;2.0;9.0;0.0;0.0;0.0;-1.251.362.026.718.700;24/1/20;-1251
1.0;19.0;9.0;25.0;2.0;9.0;0.0;0.0;0.0;21.489.256.836.513.700;25/1/20;21489
2.0;19.0;6.0;27.0;2.0;10.0;0.0;0.0;0.0;4.140.106.633.356.490;26/1/20;4140
1.0;17.0;4.0;25.0;4.0;10.0;0.0;0.0;0.0;-43.127.713.907.483.400;27/1/20;-43128
1.0;17.0;4.0;23.0;5.0;8.0;0.0;0.0;0.0;-6.384.255.516.455.370;28/1/20;-6384
4.0;20.0;4.0;21.0;4.0;8.0;0.0;0.0;0.0;10.298.702.072.904.700;29/1/20;10299
1.0;15.0;4.0;23.0;4.0;11.0;0.0;0.0;0.0;-7.060.078.521.473.340;30/1/20;-7060
3.0;15.0;5.0;20.0;4.0;9.0;0.0;0.0;0.0;-50.013.983.609.655.800;31/1/20;-50014
16.0;19.0;4.0;20.0;5.0;10.0;0.0;0.0;0.0;5.589.524.111.861.620;1/2/20;5590
10.0;25.0;4.0;22.0;5.0;11.0;0.0;0.0;0.0;2.203.868.264.391.890;2/2/20;2204
11.0;12.0;4.0;23.0;4.0;9.0;0.0;0.0;0.0;-17.594.610.554.287.800;3/2/20;-17595
9.0;18.0;5.0;23.0;4.0;12.0;0.0;0.0;0.0;144.285.367.145.907;4/2/20;144
6.0;14.0;8.0;19.0;3.0;8.0;0.0;0.0;0.0;-758.546.615.940.236;5/2/20;-759
9.0;15.0;5.0;20.0;6.0;10.0;0.0;0.0;0.0;-12.705.021.079.587.700;6/2/20;-12705
16.0;18.0;3.0;20.0;3.0;7.0;0.0;0.0;0.0;10.608.566.410.956.500;7/2/20;10609
9.0;16.0;6.0;23.0;4.0;10.0;0.0;0.0;0.0;-7.439.671.869.089.210;8/2/20;-7440
3.0;22.0;2.0;21.0;3.0;9.0;0.0;0.0;0.0;2.429.020.836.720.040;9/2/20;2429
22.0;14.0;5.0;23.0;5.0;11.0;0.0;0.0;0.0;-1.585.266.560.736.910;10/2/20;-1585
13.0;13.0;5.0;24.0;2.0;7.0;0.0;0.0;0.0;-10.290.790.628.370.000;11/2/20;-10291
23.0;19.0;4.0;19.0;3.0;7.0;0.0;0.0;0.0;13.796.095.224.562.900;12/2/20;13796
24.0;11.0;4.0;16.0;4.0;10.0;0.0;0.0;0.0;-9.496.986.709.794.440;13/2/20;-9497
19.0;13.0;6.0;19.0;3.0;10.0;0.0;0.0;0.0;-6.689.585.848.156.010;14/2/20;-6690
35.0;17.0;5.0;19.0;5.0;11.0;0.0;0.0;0.0;-208.618.216.455.107;15/2/20;-209
23.0;16.0;3.0;24.0;3.0;10.0;0.0;0.0;0.0;-3.193.007.205.481.610;16/2/20;-3193
27.0;14.0;5.0;18.0;4.0;10.0;0.0;0.0;0.0;-4.581.386.123.172.730;17/2/20;-4581
27.0;14.0;5.0;19.0;4.0;10.0;0.0;0.0;0.0;-6.116.908.444.512.840;18/2/20;-6117
17.0;13.0;5.0;19.0;3.0;7.0;0.0;0.0;0.0;-6.723.133.862.795.830;19/2/20;-6723
53.0;15.0;6.0;19.0;5.0;13.0;0.0;0.0;0.0;-7.025.995.902.481.480;20/2/20;-7026
59.0;14.0;5.0;14.0;3.0;7.0;0.0;0.0;0.0;4.121.797.112.422.580;21/2/20;4122
58.0;14.0;3.0;20.0;3.0;11.0;0.0;1.0;0.0;18.556.960.704.995.200;22/2/20;18557
73.0;12.0;6.0;16.0;2.0;12.0;0.0;1.0;0.0;17.434.497.948.261.900;23/2/20;17434
107.0;20.0;4.0;21.0;1.0;6.0;0.0;7.0;0.0;345.548.076.226.699;24/2/20;346
129.0;17.0;5.0;21.0;4.0;8.0;0.0;3.0;0.0;4.835.208.928.376.920;25/2/20;4835
146.0;16.0;7.0;38.0;3.0;9.0;0.0;8.0;0.0;-13.584.077.455.206.900;26/2/20;-13584
180.0;14.0;4.0;23.0;4.0;7.0;0.0;2.0;0.0;-8.590.027.186.328.170;27/2/20;-8590
318.0;17.0;5.0;28.0;3.0;9.0;0.0;2.0;0.0;-3.138.464.795.339.540;28/2/20;-3138
243.0;16.0;7.0;27.0;3.0;10.0;1.0;2.0;0.0;-3.161.593.364.663.150;29/2/20;-3162
690.0;16.0;5.0;23.0;5.0;9.0;0.0;1.0;0.0;-8.699.341.518.501.900;1/3/20;-8699
801.0;18.0;4.0;21.0;4.0;11.0;0.0;5.0;0.0;14.769.220.622.222.700;2/3/20;14769
801.0;18.0;5.0;25.0;4.0;7.0;0.0;3.0;0.0;13.441.520.479.038.400;3/3/20;13442
954.0;19.0;7.0;22.0;2.0;11.0;0.0;2.0;1.0;15.839.608.591.709.600;4/3/20;15840
1284.0;17.0;7.0;26.0;4.0;10.0;2.0;3.0;0.0;34.055.600.298.878.700;5/3/20;34056
1628.0;17.0;3.0;21.0;3.0;8.0;0.0;3.0;0.0;11.975.789.522.006.400;6/3/20;11976
1868.0;14.0;5.0;27.0;3.0;10.0;0.0;1.0;0.0;-12.439.872.895.014.900;7/3/20;-12440
2192.0;18.0;6.0;28.0;3.0;10.0;1.0;3.0;3.0;8.959.288.324.642.970;8/3/20;8959
3407.0;21.0;5.0;38.0;6.0;11.0;0.0;9.0;0.0;-41.628.861.771.399.600;9/3/20;-41629
4666.0;29.0;9.0;51.0;4.0;12.0;0.0;15.0;2.0;17.633.174.821.190.400;10/3/20;17633
4743.0;33.0;10.0;65.0;5.0;11.0;0.0;8.0;0.0;-1.293.202.525.033.300;11/3/20;-1293
5942.0;43.0;13.0;88.0;4.0;15.0;2.0;25.0;7.0;33.999.525.331.563.600;12/3/20;34000
7806.0;53.0;14.0;94.0;4.0;16.0;3.0;22.0;6.0;5.271.139.089.944.100;13/3/20;5271
7467.0;51.0;14.0;92.0;3.0;18.0;1.0;18.0;5.0;37.620.876.217.560.300;14/3/20;37621
7937.0;50.0;18.0;100.0;4.0;17.0;1.0;26.0;7.0;28.928.754.613.475.600;15/3/20;28929
9473.0;47.0;11.0;79.0;2.0;18.0;2.0;22.0;6.0;6.641.572.447.997.710;16/3/20;6642
8837.0;44.0;15.0;73.0;2.0;14.0;3.0;24.0;6.0;658.260.267.678.477;17/3/20;658
8970.0;39.0;11.0;79.0;2.0;16.0;5.0;22.0;9.0;5.636.881.052.302.050;18/3/20;5637
8664.0;43.0;13.0;68.0;4.0;15.0;2.0;32.0;13.0;8.557.917.294.854.600;19/3/20;8558
10662.0;47.0;14.0;67.0;3.0;18.0;3.0;33.0;9.0;1.046.281.513.211.870;20/3/20;1046
7426.0;41.0;15.0;75.0;4.0;17.0;1.0;23.0;33.0;7.208.143.948.010.450;21/3/20;7208
6777.0;46.0;12.0;72.0;2.0;14.0;4.0;39.0;13.0;11.936.280.685.071.300;22/3/20;11936
8265.0;36.0;11.0;52.0;2.0;20.0;2.0;14.0;14.0;6.980.399.544.569.560;23/3/20;6980
7127.0;28.0;9.0;55.0;2.0;18.0;1.0;20.0;8.0;40.931.087.530.069.700;24/3/20;40931
6947.0;29.0;10.0;48.0;4.0;16.0;4.0;23.0;11.0;6.595.725.941.792.770;25/3/20;6596
6361.0;34.0;12.0;57.0;3.0;16.0;4.0;17.0;14.0;619.011.219.007.907;26/3/20;619
6063.0;36.0;15.0;66.0;4.0;21.0;2.0;16.0;12.0;356.075.318.693.127;27/3/20;356
5364.0;37.0;16.0;66.0;5.0;28.0;3.0;22.0;13.0;53.312.552.913.236.400;28/3/20;53313
4245.0;38.0;13.0;69.0;3.0;24.0;5.0;10.0;11.0;4.596.811.354.638.610;29/3/20;4597
5154.0;31.0;10.0;54.0;4.0;16.0;2.0;17.0;9.0;4.108.839.860.673.650;30/3/20;4109
4417.0;30.0;10.0;62.0;2.0;19.0;5.0;14.0;11.0;4.485.771.061.572.270;31/3/20;4486
5490.0;30.0;10.0;49.0;5.0;15.0;3.0;17.0;11.0;4.773.225.171.906.690;1/4/20;4773
4453.0;27.0;14.0;40.0;4.0;24.0;5.0;16.0;14.0;6.509.522.888.699.630;2/4/20;6510
4465.0;21.0;10.0;48.0;4.0;20.0;4.0;14.0;10.0;2.470.412.110.638.580;3/4/20;2470
3670.0;26.0;10.0;46.0;2.0;20.0;3.0;13.0;12.0;4.849.420.114.026.610;4/4/20;4849
3220.0;20.0;14.0;41.0;4.0;18.0;5.0;8.0;14.0;23.480.674.971.508.700;5/4/20;23481
3537.0;19.0;10.0;36.0;5.0;23.0;4.0;10.0;15.0;33.421.607.689.270.800;6/4/20;33422
3201.0;18.0;6.0;41.0;4.0;23.0;3.0;11.0;19.0;35.749.725.896.906.000;7/4/20;35750
3481.0;21.0;9.0;32.0;3.0;18.0;1.0;12.0;18.0;48.340.813.328.289.500;8/4/20;48341
3288.0;26.0;9.0;51.0;8.0;21.0;4.0;21.0;21.0;4.898.712.118.095.580;9/4/20;4899
3181.0;22.0;6.0;34.0;5.0;15.0;3.0;13.0;16.0;506.747.345.101.066;10/4/20;507
2887.0;19.0;8.0;34.0;4.0;21.0;5.0;14.0;16.0;5.544.710.108.750.520;11/4/20;5545
2266.0;20.0;6.0;30.0;4.0;18.0;1.0;14.0;13.0;4.579.105.241.782.120;12/4/20;4579
2200.0;15.0;8.0;46.0;3.0;16.0;4.0;10.0;29.0;31.491.201.576.384.200;13/4/20;31491
2270.0;17.0;10.0;36.0;6.0;23.0;6.0;13.0;33.0;6.050.796.519.143.870;14/4/20;6051
2388.0;15.0;6.0;35.0;4.0;15.0;10.0;16.0;22.0;7.340.314.639.116.640;15/4/20;7340
2297.0;17.0;8.0;30.0;3.0;18.0;1.0;15.0;22.0;5.108.526.203.478.260;16/4/20;5109
1918.0;23.0;9.0;40.0;6.0;17.0;5.0;10.0;24.0;5.024.501.875.285.050;17/4/20;5025
1679.0;14.0;8.0;31.0;7.0;18.0;3.0;15.0;22.0;31.853.976.776.837.500;18/4/20;31854
1153.0;21.0;9.0;31.0;4.0;19.0;1.0;12.0;21.0;5.023.786.089.040.020;19/4/20;5024
1492.0;12.0;4.0;30.0;4.0;12.0;3.0;16.0;19.0;40.244.320.768.570.400;20/4/20;40244
1337.0;13.0;7.0;23.0;4.0;16.0;2.0;9.0;24.0;41.189.671.922.306.100;21/4/20;41190
1481.0;18.0;7.0;28.0;3.0;14.0;5.0;11.0;34.0;8.168.155.549.131.390;22/4/20;8168
1191.0;14.0;7.0;26.0;7.0;16.0;3.0;14.0;32.0;5.134.704.511.432.450;23/4/20;5135
1136.0;11.0;5.0;29.0;5.0;17.0;4.0;9.0;30.0;41.235.257.902.223.800;24/4/20;41235
763.0;14.0;10.0;33.0;3.0;18.0;3.0;7.0;37.0;4.715.801.710.475.180;25/4/20;4716
564.0;17.0;5.0;39.0;5.0;19.0;3.0;8.0;26.0;3.466.866.745.701.610;26/4/20;3467
709.0;13.0;5.0;28.0;4.0;13.0;5.0;11.0;36.0;6.688.613.800.864.880;27/4/20;6689
864.0;9.0;3.0;24.0;4.0;15.0;4.0;14.0;30.0;5.794.253.383.371.960;28/4/20;5794
759.0;14.0;6.0;26.0;3.0;10.0;4.0;9.0;34.0;6.370.796.185.674.060;29/4/20;6371
756.0;14.0;7.0;24.0;5.0;13.0;1.0;8.0;38.0;4.964.595.457.689.020;30/4/20;4965
741.0;14.0;9.0;25.0;4.0;23.0;1.0;9.0;16.0;271.991.407.256.164;1/5/20;272
670.0;16.0;6.0;24.0;6.0;22.0;4.0;12.0;25.0;60.667.422.759.121.400;2/5/20;60667
462.0;14.0;6.0;29.0;6.0;19.0;4.0;13.0;14.0;3.245.519.603.660.920;3/5/20;3246
524.0;10.0;6.0;25.0;4.0;15.0;4.0;13.0;27.0;49.221.939.854.783.500;4/5/20;49222
325.0;10.0;4.0;23.0;3.0;19.0;5.0;9.0;29.0;60.853.478.508.149.900;5/5/20;60853
310.0;10.0;4.0;20.0;8.0;21.0;3.0;15.0;29.0;4.880.438.633.490.070;6/5/20;4880
310.0;15.0;3.0;27.0;5.0;12.0;5.0;11.0;38.0;7.579.747.842.694.870;7/5/20;7580
314.0;11.0;6.0;27.0;6.0;16.0;4.0;9.0;35.0;44.756.736.394.339.800;8/5/20;44757
263.0;9.0;8.0;25.0;5.0;18.0;4.0;11.0;31.0;4.203.397.304.969.790;9/5/20;4203
280.0;10.0;7.0;22.0;7.0;13.0;3.0;13.0;21.0;26.917.361.988.652.600;10/5/20;26917
591.0;11.0;8.0;26.0;6.0;12.0;5.0;11.0;30.0;4.243.002.240.312.240;11/5/20;4243
558.0;9.0;5.0;21.0;4.0;13.0;4.0;12.0;40.0;6.796.735.962.067.900;12/5/20;6797
598.0;13.0;3.0;23.0;4.0;18.0;3.0;15.0;46.0;9.251.880.982.980.920;13/5/20;9252
541.0;8.0;5.0;26.0;5.0;18.0;8.0;15.0;32.0;6.709.253.387.796.110;14/5/20;6709
579.0;10.0;5.0;22.0;7.0;16.0;3.0;14.0;35.0;5.180.567.579.638.320;15/5/20;5181
328.0;10.0;4.0;23.0;8.0;21.0;3.0;15.0;27.0;4.156.102.395.870.270;16/5/20;4156
305.0;15.0;6.0;23.0;6.0;15.0;0.0;14.0;18.0;3.340.332.251.518.590;17/5/20;3340
566.0;12.0;3.0;29.0;2.0;13.0;5.0;12.0;25.0;6.078.271.626.566.210;18/5/20;6078
591.0;9.0;3.0;23.0;4.0;13.0;5.0;12.0;27.0;5.491.077.781.807.430;19/5/20;5491
489.0;4.0;4.0;28.0;5.0;10.0;1.0;15.0;19.0;27.370.078.821.743.500;20/5/20;27370
524.0;7.0;6.0;21.0;7.0;16.0;6.0;10.0;27.0;3.674.073.017.101.840;21/5/20;3674
573.0;8.0;4.0;22.0;5.0;11.0;1.0;11.0;22.0;21.685.862.249.813.500;22/5/20;21686
326.0;6.0;3.0;31.0;7.0;16.0;2.0;8.0;16.0;-11.932.796.174.215.100;23/5/20;-11933
316.0;9.0;7.0;20.0;3.0;13.0;4.0;12.0;20.0;4.421.425.690.886.580;24/5/20;4421
572.0;7.0;4.0;27.0;5.0;13.0;7.0;7.0;26.0;34.480.102.510.202.900;25/5/20;34480
564.0;13.0;5.0;19.0;6.0;12.0;2.0;18.0;29.0;6.333.065.146.567.150;26/5/20;6333
437.0;10.0;7.0;27.0;4.0;13.0;2.0;9.0;28.0;29.270.354.464.855.900;27/5/20;29270
521.0;9.0;4.0;21.0;3.0;16.0;4.0;12.0;17.0;4.481.834.098.890.550;28/5/20;4482
507.0;7.0;4.0;19.0;4.0;12.0;4.0;16.0;20.0;4.673.987.443.353.810;29/5/20;4674
315.0;11.0;5.0;24.0;7.0;13.0;3.0;11.0;20.0;25.023.346.202.719.700;30/5/20;25023
232.0;10.0;5.0;21.0;9.0;21.0;6.0;10.0;15.0;26.298.753.815.657.500;31/5/20;26299
442.0;7.0;5.0;25.0;7.0;10.0;3.0;12.0;31.0;25.623.319.562.486.200;1/6/20;25623
411.0;7.0;3.0;25.0;12.0;8.0;3.0;11.0;19.0;-10.600.434.570.061.200;2/6/20;-10600
452.0;8.0;8.0;19.0;4.0;13.0;3.0;10.0;18.0;264.948.709.072.207;3/6/20;265
408.0;9.0;5.0;19.0;7.0;12.0;3.0;13.0;17.0;25.597.357.548.672.600;4/6/20;25597
489.0;5.0;2.0;17.0;5.0;11.0;3.0;14.0;24.0;3.932.872.928.637.260;5/6/20;3933
259.0;9.0;4.0;20.0;5.0;16.0;4.0;5.0;8.0;13.309.559.319.546.400;6/6/20;13310
235.0;14.0;4.0;21.0;7.0;17.0;4.0;6.0;16.0;32.305.452.049.976.400;7/6/20;32305
432.0;10.0;5.0;19.0;4.0;10.0;2.0;12.0;15.0;314.509.055.553.114;8/6/20;315
355.0;9.0;3.0;21.0;5.0;15.0;2.0;11.0;17.0;2.750.018.340.672.780;9/6/20;2750
373.0;6.0;4.0;14.0;5.0;13.0;1.0;6.0;14.0;8.864.497.966.586.800;10/6/20;8864
334.0;7.0;5.0;28.0;7.0;17.0;3.0;10.0;16.0;11.522.771.943.620.600;11/6/20;11523
379.0;3.0;2.0;25.0;6.0;16.0;1.0;9.0;17.0;-7.549.702.915.895.750;12/6/20;-7550
164.0;6.0;5.0;26.0;4.0;18.0;3.0;9.0;14.0;9.414.099.264.263.710;13/6/20;9414
187.0;9.0;3.0;22.0;4.0;13.0;1.0;9.0;9.0;10.669.334.525.630.600;14/6/20;10669
331.0;5.0;3.0;24.0;6.0;14.0;4.0;12.0;14.0;11.740.177.858.159.100;15/6/20;11740
308.0;6.0;2.0;23.0;4.0;11.0;1.0;5.0;16.0;19.383.398.739.795.500;16/6/20;19383
299.0;5.0;4.0;22.0;6.0;12.0;3.0;6.0;14.0;-29.672.272.439.549.300;17/6/20;-29672
310.0;6.0;6.0;18.0;6.0;11.0;3.0;13.0;13.0;14.435.685.941.348.000;18/6/20;14436
294.0;7.0;4.0;15.0;8.0;14.0;2.0;7.0;14.0;46.569.839.998.354.800;19/6/20;46570
280.0;8.0;2.0;22.0;9.0;17.0;1.0;12.0;14.0;2.678.468.049.976.330;20/6/20;2678
256.0;7.0;4.0;23.0;5.0;23.0;5.0;10.0;13.0;25.953.654.556.537.000;21/6/20;25954
324.0;7.0;4.0;18.0;4.0;13.0;1.0;4.0;15.0;7.615.562.038.774.400;22/6/20;7616
362.0;8.0;2.0;23.0;9.0;9.0;2.0;11.0;19.0;5.876.386.537.670.940;23/6/20;5876
410.0;4.0;5.0;28.0;8.0;12.0;4.0;11.0;14.0;-11.703.599.436.828.400;24/6/20;-11704
378.0;10.0;4.0;19.0;10.0;13.0;1.0;9.0;17.0;281.536.058.386.999;25/6/20;282
417.0;5.0;3.0;19.0;5.0;16.0;2.0;8.0;18.0;14.182.857.407.778.500;26/6/20;14183
336.0;6.0;5.0;23.0;6.0;12.0;1.0;12.0;12.0;-2.625.997.344.105.470;27/6/20;-2626
287.0;9.0;3.0;25.0;5.0;11.0;4.0;17.0;10.0;2.941.773.253.223.230;28/6/20;2942
427.0;4.0;4.0;15.0;5.0;12.0;3.0;12.0;23.0;31.697.199.507.388.400;29/6/20;31697
467.0;4.0;4.0;20.0;7.0;13.0;3.0;11.0;15.0;39.175.242.542.627.600;30/6/20;39175
586.0;7.0;4.0;17.0;5.0;12.0;1.0;9.0;14.0;12.462.741.244.731.200;1/7/20;12463
457.0;6.0;5.0;18.0;6.0;16.0;2.0;8.0;14.0;6.471.527.679.651.690;2/7/20;6472
579.0;7.0;5.0;26.0;5.0;12.0;1.0;11.0;8.0;-7.080.140.201.929.380;3/7/20;-7080
461.0;6.0;2.0;22.0;4.0;16.0;0.0;10.0;8.0;6.414.044.934.969.210;4/7/20;6414
463.0;8.0;9.0;29.0;5.0;19.0;2.0;13.0;8.0;-31.411.047.321.131.800;5/7/20;-31411
754.0;5.0;3.0;26.0;7.0;14.0;3.0;15.0;20.0;13.900.335.181.435.900;6/7/20;13900
834.0;6.0;5.0;22.0;3.0;10.0;3.0;14.0;15.0;2.611.054.178.325.770;7/7/20;2611
945.0;6.0;3.0;26.0;6.0;15.0;2.0;16.0;12.0;8.874.966.718.365.630;8/7/20;8875
957.0;9.0;5.0;20.0;7.0;14.0;1.0;15.0;13.0;15.277.322.354.969.200;9/7/20;15277
1179.0;7.0;3.0;23.0;9.0;13.0;1.0;17.0;15.0;496.985.973.089.598;10/7/20;497
916.0;8.0;2.0;23.0;10.0;8.0;1.0;13.0;9.0;-12.354.321.036.516.000;11/7/20;-12354
897.0;8.0;6.0;20.0;5.0;14.0;1.0;17.0;11.0;19.880.322.938.459.700;12/7/20;19880
1439.0;7.0;5.0;27.0;7.0;13.0;5.0;14.0;16.0;16.273.703.311.003.900;13/7/20;16274
1561.0;5.0;4.0;26.0;7.0;10.0;1.0;13.0;19.0;-29.470.563.470.650.900;14/7/20;-29471
1888.0;7.0;7.0;19.0;10.0;13.0;2.0;27.0;19.0;28.849.933.552.130.400;15/7/20;28850
1747.0;10.0;4.0;19.0;7.0;10.0;4.0;38.0;8.0;6.778.632.575.542.020;16/7/20;6779
2065.0;8.0;4.0;20.0;5.0;14.0;1.0;38.0;16.0;6.837.938.208.234.880;17/7/20;6838
1839.0;5.0;8.0;29.0;8.0;13.0;4.0;27.0;20.0;2.342.908.064.723.720;18/7/20;2343
1642.0;12.0;9.0;25.0;9.0;13.0;6.0;31.0;12.0;5.122.100.779.595.780;19/7/20;5122
2400.0;7.0;8.0;23.0;12.0;11.0;6.0;29.0;23.0;37.408.186.230.452.600;20/7/20;37408
2413.0;7.0;5.0;24.0;12.0;11.0;6.0;35.0;31.0;6.207.333.986.113.270;21/7/20;6207
2466.0;7.0;7.0;24.0;9.0;19.0;3.0;39.0;23.0;5.999.170.800.853.080;22/7/20;5999
2314.0;7.0;8.0;25.0;5.0;17.0;4.0;39.0;27.0;81.744.716.339.265.500;23/7/20;81745
2541.0;11.0;9.0;24.0;7.0;11.0;3.0;42.0;21.0;7.663.695.612.840.750;24/7/20;7664
2131.0;9.0;5.0;21.0;11.0;10.0;7.0;40.0;25.0;8.207.713.086.534.090;25/7/20;8208
1982.0;8.0;8.0;37.0;6.0;12.0;5.0;42.0;23.0;6.419.757.247.207.230;26/7/20;6420
3046.0;8.0;9.0;22.0;7.0;12.0;2.0;39.0;27.0;6.895.593.076.169.320;27/7/20;6896
3165.0;7.0;6.0;25.0;8.0;10.0;6.0;46.0;22.0;8.344.430.977.963.340;28/7/20;8344
3272.0;8.0;7.0;30.0;7.0;17.0;2.0;33.0;27.0;5.117.625.708.707.320;29/7/20;5118
3142.0;10.0;4.0;32.0;7.0;16.0;8.0;45.0;42.0;12.519.862.338.735.600;30/7/20;12520
3634.0;6.0;10.0;37.0;6.0;7.0;3.0;38.0;30.0;4.582.860.545.717.900;31/7/20;4583
3740.0;7.0;7.0;20.0;5.0;15.0;4.0;48.0;22.0;9.997.441.187.634.480;1/8/20;9997
2861.0;10.0;3.0;32.0;5.0;15.0;9.0;44.0;15.0;10.109.256.890.546.600;2/8/20;10109
4155.0;6.0;6.0;27.0;8.0;17.0;3.0;50.0;23.0;7.717.436.753.612.660;3/8/20;7717
4724.0;12.0;5.0;28.0;8.0;19.0;7.0;53.0;24.0;1.205.548.528.396.800;4/8/20;1206
4645.0;12.0;7.0;20.0;10.0;20.0;6.0;58.0;21.0;12.328.287.894.974.400;5/8/20;12328
4628.0;6.0;9.0;34.0;5.0;15.0;6.0;60.0;30.0;11.328.746.178.783.600;6/8/20;11329
5380.0;9.0;5.0;27.0;5.0;15.0;6.0;71.0;24.0;1.520.527.934.812.610;7/8/20;1521
4268.0;7.0;11.0;31.0;4.0;14.0;6.0;57.0;20.0;10.288.663.534.720.100;8/8/20;10289
4075.0;10.0;10.0;38.0;8.0;14.0;5.0;64.0;26.0;1.034.616.246.385.730;9/8/20;1035
6112.0;10.0;6.0;34.0;9.0;14.0;9.0;74.0;37.0;16.106.200.721.262.300;10/8/20;16106
6436.0;9.0;5.0;30.0;9.0;13.0;10.0;79.0;28.0;16.654.952.734.947.700;11/8/20;16655
6543.0;14.0;12.0;33.0;5.0;16.0;4.0;60.0;28.0;12.524.907.744.656.300;12/8/20;12525
6330.0;9.0;6.0;63.0;8.0;12.0;11.0;77.0;37.0;13.024.171.380.983.900;13/8/20;13024
7158.0;11.0;10.0;41.0;10.0;13.0;8.0;77.0;45.0;15.477.112.924.125.800;14/8/20;15477
5658.0;10.0;7.0;41.0;8.0;13.0;6.0;58.0;26.0;9.590.016.093.184.980;15/8/20;9590
4975.0;10.0;10.0;58.0;9.0;22.0;9.0;76.0;35.0;12.334.423.885.050.500;16/8/20;12334
7179.0;8.0;9.0;44.0;7.0;15.0;6.0;86.0;39.0;15.604.528.824.042.100;17/8/20;15605
8404.0;11.0;10.0;36.0;11.0;19.0;8.0;86.0;41.0;17.282.425.047.609.200;18/8/20;17282
8404.0;6.0;6.0;43.0;10.0;16.0;9.0;81.0;33.0;1.391.808.720.619.170;19/8/20;1392
8372.0;11.0;12.0;40.0;7.0;17.0;8.0;97.0;32.0;18.755.705.359.069.000;20/8/20;18756
9565.0;8.0;7.0;59.0;2.0;22.0;10.0;83.0;39.0;17.114.511.335.349.800;21/8/20;17115
6696.0;12.0;10.0;60.0;6.0;20.0;11.0;80.0;38.0;15.751.136.830.906.900;22/8/20;15751
5950.0;17.0;9.0;54.0;7.0;19.0;14.0;82.0;26.0;17.970.093.803.649.300;23/8/20;17970
8202.0;10.0;9.0;44.0;8.0;19.0;8.0;91.0;34.0;1.712.454.423.893.240;24/8/20;1712
10174.0;13.0;7.0;35.0;7.0;19.0;7.0;85.0;41.0;195.705.902.981.909;25/8/20;196
9746.0;13.0;7.0;40.0;7.0;17.0;9.0;82.0;41.0;18.968.795.414.412.300;26/8/20;18969
9417.0;9.0;7.0;33.0;6.0;16.0;13.0;80.0;38.0;2.001.953.181.873.850;27/8/20;2002
10874.0;8.0;7.0;41.0;7.0;16.0;8.0;85.0;21.0;14.686.236.446.533.800;28/8/20;14686
7328.0;9.0;10.0;38.0;10.0;17.0;5.0;73.0;21.0;10.369.260.146.008.200;29/8/20;10369
6399.0;11.0;13.0;44.0;10.0;16.0;4.0;69.0;32.0;9.872.621.106.057.270;30/8/20;9873
8431.0;13.0;8.0;36.0;8.0;14.0;9.0;74.0;37.0;16.857.224.976.412;31/8/20;17
11359.0;13.0;7.0;33.0;5.0;18.0;7.0;68.0;38.0;17.105.396.948.037.200;1/9/20;17105
10525.0;17.0;9.0;61.0;8.0;36.0;6.0;78.0;48.0;16.223.485.961.147.300;2/9/20;16223
10403.0;15.0;12.0;47.0;5.0;28.0;4.0;47.0;48.0;11.541.611.137.345.900;3/9/20;11542
11519.0;17.0;3.0;53.0;9.0;29.0;1.0;75.0;48.0;1.497.181.376.822.520;4/9/20;1497
8763.0;15.0;6.0;46.0;16.0;22.0;3.0;48.0;42.0;6.755.415.169.396.980;5/9/20;6755
7422.0;18.0;11.0;50.0;2.0;24.0;15.0;68.0;30.0;1.925.898.981.454.400;6/9/20;1926
9444.0;12.0;12.0;39.0;8.0;19.0;3.0;58.0;46.0;11.482.593.403.368.600;7/9/20;11483
11439.0;13.0;10.0;47.0;12.0;17.0;5.0;60.0;43.0;9.926.064.726.559.250;8/9/20;9926
11871.0;23.0;11.0;45.0;15.0;23.0;8.0;72.0;47.0;16.311.515.394.924.900;9/9/20;16312
11639.0;17.0;9.0;39.0;7.0;28.0;12.0;55.0;39.0;16.628.951.063.947.300;10/9/20;16629
12165.0;13.0;8.0;45.0;7.0;16.0;10.0;49.0;29.0;10.718.942.128.115.000;11/9/20;10719
9409.0;15.0;9.0;69.0;15.0;28.0;3.0;66.0;30.0;5.240.077.084.790.000;12/9/20;5240
8107.0;31.0;9.0;72.0;11.0;25.0;5.0;60.0;34.0;11.577.432.193.703.300;13/9/20;11577
10694.0;22.0;14.0;60.0;8.0;24.0;9.0;50.0;40.0;11.582.155.116.746.000;14/9/20;11582
12294.0;19.0;10.0;54.0;13.0;31.0;13.0;60.0;29.0;12.516.046.012.559.100;15/9/20;12516
12170.0;18.0;9.0;50.0;6.0;33.0;7.0;63.0;33.0;14.554.212.579.510.100;16/9/20;14554
11684.0;21.0;11.0;39.0;13.0;26.0;8.0;76.0;36.0;168.665.082.062.791;17/9/20;169
14323.0;21.0;15.0;59.0;6.0;16.0;8.0;62.0;40.0;13.485.615.929.962.200;18/9/20;13486
8530.0;19.0;14.0;52.0;6.0;22.0;10.0;50.0;22.0;10.618.295.594.474.700;19/9/20;10618
7291.0;29.0;13.0;61.0;6.0;19.0;8.0;94.0;16.0;18.930.190.823.330.600;20/9/20;18930
9966.0;14.0;14.0;47.0;15.0;19.0;9.0;70.0;49.0;12.798.443.262.735.100;21/9/20;12798
12468.0;26.0;12.0;41.0;6.0;25.0;9.0;66.0;40.0;1.990.527.236.108.590;22/9/20;1991
11808.0;14.0;7.0;47.0;7.0;18.0;9.0;68.0;53.0;17.252.604.679.266.200;23/9/20;17253
11287.0;17.0;13.0;49.0;7.0;28.0;9.0;73.0;51.0;18.164.745.361.761.500;24/9/20;18165
11916.0;19.0;9.0;54.0;11.0;21.0;5.0;62.0;55.0;13.472.961.383.046.900;25/9/20;13473
7868.0;19.0;6.0;41.0;9.0;32.0;7.0;63.0;36.0;15.818.412.631.569.200;26/9/20;15818
6398.0;22.0;15.0;42.0;12.0;27.0;3.0;79.0;31.0;14.413.757.774.023.700;27/9/20;14414
9238.0;25.0;7.0;40.0;7.0;19.0;14.0;67.0;32.0;20.970.892.828.604.700;28/9/20;20971
10697.0;18.0;8.0;50.0;6.0;17.0;3.0;59.0;34.0;1.162.181.787.760.760;29/9/20;1162
10141.0;22.0;17.0;49.0;10.0;20.0;5.0;56.0;30.0;9.931.285.008.343.110;30/9/20;9931
10734.0;24.0;17.0;34.0;10.0;15.0;7.0;45.0;25.0;10.738.906.275.540.800;1/10/20;10739
11053.0;14.0;8.0;37.0;6.0;18.0;9.0;52.0;23.0;12.130.383.232.279.400;2/10/20;12130
8094.0;15.0;8.0;32.0;8.0;20.0;4.0;54.0;33.0;12.123.288.682.845.900;3/10/20;12123
7516.0;29.0;12.0;33.0;5.0;19.0;5.0;62.0;13.0;16.235.728.909.880.100;4/10/20;16236
11228.0;20.0;11.0;46.0;6.0;21.0;7.0;52.0;32.0;1.271.105.347.253.220;5/10/20;1271
12711.0;13.0;16.0;43.0;7.0;14.0;3.0;49.0;26.0;6.428.914.500.120.250;6/10/20;6429
12429.0;13.0;13.0;47.0;15.0;24.0;5.0;46.0;29.0;4.162.365.506.633.410;7/10/20;4162
12648.0;27.0;7.0;46.0;3.0;23.0;11.0;70.0;36.0;22.379.374.717.552.100;8/10/20;22379
13551.0;18.0;14.0;33.0;7.0;20.0;3.0;58.0;41.0;13.804.661.169.464.300;9/10/20;13805
10921.0;28.0;9.0;31.0;5.0;27.0;10.0;46.0;30.0;18.434.489.758.242.800;10/10/20;18434
8996.0;24.0;16.0;37.0;7.0;24.0;3.0;55.0;11.0;10.483.725.170.246.600;11/10/20;10484
10957.0;22.0;9.0;44.0;9.0;29.0;3.0;71.0;24.0;13.948.199.063.034.500;12/10/20;13948
14364.0;13.0;11.0;52.0;9.0;22.0;4.0;69.0;18.0;8.455.740.571.705.640;13/10/20;8456
16325.0;20.0;10.0;38.0;11.0;21.0;6.0;62.0;24.0;124.202.655.842.151;14/10/20;124
16464.0;18.0;10.0;40.0;7.0;25.0;9.0;75.0;38.0;1.881.948.999.950.880;15/10/20;1882
17465.0;17.0;9.0;44.0;8.0;21.0;5.0;72.0;46.0;16.272.707.626.633.900;16/10/20;16273
14249.0;18.0;13.0;39.0;4.0;27.0;6.0;75.0;25.0;16.903.873.015.897.800;17/10/20;16904
13053.0;23.0;15.0;36.0;3.0;35.0;3.0;76.0;26.0;1.854.921.539.482.550;18/10/20;1855
20819.0;21.0;13.0;37.0;7.0;23.0;5.0;66.0;48.0;1.767.555.269.907.940;19/10/20;1768
22527.0;26.0;10.0;44.0;10.0;27.0;11.0;63.0;45.0;19.135.376.218.871.800;20/10/20;19135
22179.0;20.0;11.0;50.0;12.0;19.0;9.0;83.0;41.0;17.277.677.400.606.300;21/10/20;17278
21126.0;27.0;10.0;55.0;7.0;24.0;10.0;79.0;39.0;20.599.809.461.720.200;22/10/20;20600
22176.0;23.0;11.0;39.0;4.0;17.0;8.0;61.0;41.0;1.861.658.310.413.460;23/10/20;1862
17306.0;16.0;9.0;53.0;4.0;23.0;11.0;76.0;42.0;19.008.193.918.990.200;24/10/20;19008
15426.0;26.0;10.0;39.0;5.0;16.0;10.0;52.0;30.0;1.696.391.664.730.390;25/10/20;1696
22444.0;24.0;17.0;45.0;8.0;28.0;11.0;74.0;43.0;19.933.966.430.030.400;26/10/20;19934
23077.0;18.0;6.0;36.0;6.0;18.0;10.0;74.0;29.0;19.130.035.551.400.300;27/10/20;19130
22152.0;23.0;14.0;36.0;5.0;28.0;10.0;79.0;46.0;235.956.331.222.983;28/10/20;236
20593.0;20.0;7.0;37.0;8.0;14.0;7.0;65.0;44.0;1.750.447.117.959.920;29/10/20;1750
21476.0;28.0;13.0;42.0;7.0;27.0;13.0;81.0;35.0;2.369.280.759.592.880;30/10/20;2369
16751.0;12.0;6.0;25.0;10.0;16.0;11.0;54.0;35.0;14.672.299.946.728.100;31/10/20;14672
16018.0;38.0;9.0;48.0;9.0;26.0;7.0;67.0;40.0;21.264.950.559.833.800;1/11/20;21265
19289.0;20.0;15.0;33.0;10.0;30.0;13.0;59.0;38.0;17.482.508.149.644.800;2/11/20;17483
21385.0;19.0;11.0;30.0;7.0;29.0;5.0;66.0;36.0;17.147.711.956.436.000;3/11/20;17148
20428.0;15.0;8.0;50.0;11.0;20.0;12.0;56.0;30.0;1.139.950.040.946.920;4/11/20;1140
19642.0;23.0;9.0;48.0;4.0;16.0;14.0;45.0;37.0;16.470.477.324.868.400;5/11/20;16470
19435.0;13.0;12.0;34.0;6.0;30.0;11.0;60.0;38.0;1.657.093.263.343.820;6/11/20;1657
15475.0;20.0;7.0;32.0;8.0;17.0;9.0;40.0;37.0;13.700.693.290.710.400;7/11/20;13701
12627.0;25.0;12.0;36.0;8.0;24.0;6.0;57.0;27.0;14.865.729.371.199.100;8/11/20;14866
17309.0;16.0;6.0;44.0;13.0;25.0;7.0;53.0;42.0;11.341.956.658.180.800;9/11/20;11342
17856.0;24.0;10.0;36.0;7.0;19.0;6.0;46.0;37.0;14.286.924.510.982.200;10/11/20;14287
16574.0;14.0;7.0;30.0;8.0;24.0;8.0;64.0;41.0;17.026.887.633.993.800;11/11/20;17027
14958.0;25.0;10.0;31.0;8.0;31.0;5.0;54.0;51.0;18.494.429.965.873.600;12/11/20;18494
14895.0;25.0;7.0;39.0;8.0;28.0;6.0;41.0;34.0;13.330.107.446.089.300;13/11/20;13330
11681.0;22.0;12.0;36.0;4.0;28.0;5.0;36.0;30.0;1.186.160.438.160.630;14/11/20;1186
9283.0;23.0;7.0;43.0;5.0;33.0;11.0;34.0;26.0;13.284.468.551.130.500;15/11/20;13284
13429.0;17.0;8.0;43.0;11.0;20.0;11.0;55.0;41.0;13.960.640.730.226.600;16/11/20;13961
13322.0;21.0;7.0;33.0;8.0;21.0;5.0;57.0;49.0;17.150.402.895.953.400;17/11/20;17150
11830.0;19.0;8.0;28.0;6.0;26.0;5.0;42.0;58.0;16.622.972.362.176.500;18/11/20;16623
10018.0;17.0;8.0;40.0;7.0;26.0;5.0;38.0;50.0;11.940.664.342.244.100;19/11/20;11941
10397.0;17.0;9.0;29.0;6.0;25.0;5.0;39.0;33.0;11.781.424.223.400.900;20/11/20;11781
8007.0;13.0;9.0;41.0;7.0;18.0;7.0;35.0;32.0;7.851.731.302.831.200;21/11/20;7852
6314.0;9.0;10.0;30.0;3.0;15.0;3.0;27.0;30.0;62.175.527.974.519.000;22/11/20;62176
9166.0;19.0;7.0;28.0;7.0;30.0;7.0;32.0;39.0;13.038.409.483.825.300;23/11/20;13038
9081.0;23.0;6.0;26.0;10.0;29.0;5.0;33.0;26.0;11.125.965.291.073.100;24/11/20;11126
8434.0;14.0;6.0;29.0;9.0;25.0;6.0;34.0;28.0;888.030.805.746.522;25/11/20;888
7697.0;14.0;5.0;24.0;6.0;19.0;5.0;30.0;25.0;917.449.102.978.372;26/11/20;917
8428.0;7.0;5.0;21.0;4.0;14.0;2.0;26.0;29.0;653.182.484.541.375;27/11/20;653
6307.0;12.0;6.0;18.0;2.0;10.0;0.0;13.0;19.0;4.490.449.898.968.210;28/11/20;4490
5029.0;14.0;5.0;20.0;4.0;13.0;2.0;16.0;13.0;4.890.176.330.312.630;29/11/20;4890
7552.0;14.0;7.0;16.0;6.0;13.0;3.0;18.0;29.0;7.271.320.627.606.380;30/11/20;7271
8603.0;7.0;9.0;19.0;4.0;19.0;3.0;24.0;26.0;61.374.772.000.239.100;1/12/20;61375
7904.0;15.0;10.0;25.0;2.0;16.0;2.0;26.0;24.0;7.959.864.481.473.120;2/12/20;7960
6964.0;13.0;5.0;20.0;3.0;19.0;3.0;27.0;39.0;11.170.732.025.257.000;3/12/20;11171
7292.0;14.0;2.0;16.0;6.0;13.0;4.0;20.0;29.0;8.811.529.648.223.380;4/12/20;8812
5828.0;4.0;7.0;13.0;3.0;9.0;2.0;19.0;24.0;4.704.755.970.568.410;5/12/20;4705
4885.0;8.0;6.0;21.0;3.0;11.0;4.0;19.0;39.0;7.800.252.553.733.330;6/12/20;7800
6838.0;12.0;8.0;18.0;3.0;13.0;4.0;15.0;49.0;9.905.925.809.470.110;7/12/20;9906
6418.0;19.0;2.0;26.0;6.0;14.0;2.0;19.0;31.0;8.165.247.867.468.380;8/12/20;8165
8871.0;11.0;8.0;19.0;6.0;6.0;2.0;22.0;32.0;6.071.258.255.273.440;9/12/20;6071
9529.0;11.0;4.0;18.0;5.0;13.0;2.0;24.0;32.0;7.973.583.852.380.560;10/12/20;7974
10009.0;11.0;5.0;26.0;6.0;20.0;3.0;19.0;34.0;6.294.390.726.456.230;11/12/20;6294
8300.0;9.0;6.0;16.0;6.0;17.0;3.0;23.0;30.0;710.317.642.657.993;12/12/20;710
6693.0;14.0;4.0;25.0;2.0;11.0;4.0;25.0;28.0;9.461.011.396.428.730;13/12/20;9461
10561.0;13.0;7.0;21.0;6.0;17.0;4.0;20.0;43.0;9.021.651.686.552.260;14/12/20;9022
11108.0;14.0;2.0;24.0;6.0;22.0;4.0;26.0;38.0;10.345.083.561.354.100;15/12/20;10345
10525.0;10.0;7.0;15.0;6.0;14.0;3.0;24.0;51.0;10.220.804.329.547.100;16/12/20;10221
9713.0;8.0;5.0;21.0;6.0;14.0;5.0;35.0;41.0;10.511.678.592.548.100;17/12/20;10512
10763.0;15.0;6.0;24.0;2.0;15.0;7.0;34.0;39.0;14.188.020.783.515.300;18/12/20;14188
8538.0;7.0;6.0;14.0;2.0;14.0;5.0;17.0;34.0;850.711.783.283.119;19/12/20;851
7400.0;14.0;9.0;23.0;3.0;13.0;2.0;36.0;32.0;10.441.864.167.276.200;20/12/20;10442
11088.0;14.0;3.0;22.0;2.0;14.0;3.0;34.0;40.0;13.063.995.341.362.100;21/12/20;13064
11634.0;13.0;5.0;18.0;4.0;15.0;5.0;31.0;24.0;10.447.834.825.809.400;22/12/20;10448
11839.0;18.0;6.0;24.0;2.0;15.0;6.0;29.0;46.0;14.723.164.622.113.900;23/12/20;14723
10505.0;6.0;7.0;27.0;4.0;21.0;3.0;37.0;38.0;8.987.361.684.203.240;24/12/20;8987
8077.0;14.0;8.0;19.0;4.0;20.0;6.0;25.0;23.0;9.584.269.538.075.290;25/12/20;9584
10071.0;19.0;12.0;29.0;5.0;13.0;2.0;35.0;17.0;7.664.903.140.587.900;26/12/20;7665
10385.0;19.0;13.0;30.0;7.0;19.0;6.0;28.0;34.0;9.442.198.342.458.780;27/12/20;9442
16541.0;15.0;7.0;24.0;6.0;16.0;5.0;42.0;23.0;10.991.105.895.989.200;28/12/20;10991
16240.0;13.0;10.0;29.0;6.0;15.0;3.0;49.0;23.0;9.554.938.344.396.410;29/12/20;9555
16795.0;14.0;9.0;26.0;3.0;18.0;4.0;46.0;33.0;130.470.514.557.362;30/12/20;130
14961.0;10.0;7.0;18.0;1.0;10.0;4.0;42.0;35.0;13.243.741.367.553.100;31/12/20;13244
13493.0;13.0;10.0;30.0;5.0;19.0;5.0;32.0;20.0;7.300.837.748.888.760;1/1/21;7301
15752.0;13.0;7.0;22.0;4.0;12.0;6.0;43.0;21.0;11.613.969.782.690.900;2/1/21;11614
15790.0;12.0;14.0;28.0;3.0;17.0;4.0;47.0;21.0;990.024.666.387.841;3/1/21;990
24943.0;12.0;5.0;30.0;5.0;11.0;9.0;49.0;29.0;13.311.634.295.886.200;4/1/21;13312
29244.0;10.0;6.0;19.0;3.0;9.0;6.0;41.0;38.0;1.340.309.559.571.870;5/1/21;1340
19863.0;8.0;9.0;21.0;2.0;12.0;2.0;49.0;21.0;10.164.343.384.305.600;6/1/21;10164
27571.0;18.0;4.0;33.0;4.0;12.0;9.0;38.0;26.0;12.933.620.169.867.400;7/1/21;12934
33454.0;14.0;6.0;21.0;4.0;12.0;5.0;37.0;33.0;12.294.806.192.480.200;8/1/21;12295
26812.0;12.0;7.0;16.0;3.0;18.0;8.0;36.0;22.0;1.259.987.862.952.360;9/1/21;1260
24090.0;12.0;7.0;16.0;4.0;13.0;7.0;37.0;19.0;113.080.455.530.057;10/1/21;113
35575.0;12.0;5.0;23.0;4.0;26.0;2.0;36.0;25.0;9.751.824.618.418.160;11/1/21;9752
36515.0;14.0;3.0;25.0;4.0;16.0;7.0;40.0;28.0;13.062.486.296.300.600;12/1/21;13062
35626.0;20.0;8.0;20.0;8.0;19.0;11.0;62.0;35.0;20.128.738.507.550.500;13/1/21;20129
34878.0;13.0;6.0;28.0;3.0;12.0;6.0;55.0;26.0;14.135.893.149.580.000;14/1/21;14136
39279.0;15.0;7.0;30.0;6.0;17.0;5.0;58.0;31.0;14.138.154.210.967.200;15/1/21;14138
30477.0;16.0;9.0;31.0;2.0;20.0;7.0;60.0;24.0;16.069.114.280.876.000;16/1/21;16069
25326.0;19.0;4.0;30.0;6.0;16.0;2.0;53.0;25.0;12.854.476.681.669.100;17/1/21;12854
38770.0;14.0;4.0;37.0;4.0;17.0;6.0;62.0;27.0;1.464.858.683.615.220;18/1/21;1465
38939.0;13.0;9.0;40.0;3.0;16.0;7.0;58.0;24.0;12.749.186.255.731.200;19/1/21;12749
37894.0;13.0;6.0;28.0;6.0;15.0;6.0;53.0;36.0;14.005.938.636.601.500;20/1/21;14006
34156.0;12.0;3.0;35.0;7.0;18.0;10.0;54.0;32.0;14.119.795.294.828.200;21/1/21;14120
36801.0;14.0;3.0;25.0;5.0;17.0;7.0;52.0;40.0;16.506.707.890.768.500;22/1/21;16507
27736.0;16.0;7.0;29.0;5.0;20.0;10.0;65.0;35.0;1.905.906.416.431.840;23/1/21;1906
22176.0;15.0;7.0;43.0;6.0;22.0;7.0;57.0;30.0;12.907.754.429.867.500;24/1/21;12908
32279.0;16.0;4.0;31.0;8.0;21.0;14.0;48.0;27.0;1.547.253.977.431.360;25/1/21;1547
31464.0;13.0;8.0;38.0;10.0;22.0;7.0;59.0;23.0;10.693.911.954.314.600;26/1/21;10694
29373.0;13.0;9.0;32.0;2.0;23.0;6.0;48.0;50.0;15.914.274.501.523.000;27/1/21;15914
26240.0;12.0;8.0;31.0;9.0;19.0;7.0;43.0;35.0;10.328.217.438.183.000;28/1/21;10328
25591.0;15.0;12.0;30.0;3.0;26.0;3.0;51.0;31.0;12.957.659.543.736.600;29/1/21;12958
19009.0;14.0;8.0;33.0;8.0;19.0;6.0;50.0;31.0;1.142.179.401.798.770;30/1/21;1142
13930.0;15.0;3.0;30.0;4.0;16.0;10.0;36.0;23.0;12.448.656.687.819.000;31/1/21;12449
21593.0;8.0;9.0;16.0;7.0;18.0;11.0;46.0;37.0;1.445.166.438.865.940;1/2/21;1445
20672.0;21.0;7.0;25.0;10.0;24.0;4.0;36.0;37.0;1.182.969.341.381.590;2/2/21;1183
18002.0;14.0;5.0;31.0;5.0;21.0;4.0;47.0;30.0;12.007.917.182.513.200;3/2/21;12008
15793.0;13.0;5.0;22.0;5.0;19.0;5.0;45.0;20.0;11.693.549.106.906.800;4/2/21;11694
15830.0;11.0;8.0;23.0;5.0;20.0;6.0;30.0;18.0;78.753.001.013.730.800;5/2/21;78753
11113.0;15.0;8.0;27.0;7.0;21.0;4.0;35.0;21.0;8.254.204.146.409.460;6/2/21;8254
8194.0;15.0;3.0;27.0;4.0;19.0;3.0;33.0;23.0;962.271.660.287.365;7/2/21;962
12437.0;11.0;5.0;26.0;5.0;18.0;3.0;36.0;32.0;9.485.590.051.082.190;8/2/21;9486
11817.0;15.0;7.0;24.0;9.0;20.0;5.0;35.0;18.0;8.009.553.880.694.390;9/2/21;8010
10501.0;11.0;9.0;30.0;6.0;19.0;6.0;25.0;20.0;5.524.328.910.005.690;10/2/21;5524
9216.0;7.0;8.0;31.0;4.0;21.0;7.0;23.0;21.0;5.354.517.220.504.140;11/2/21;5355
9583.0;8.0;6.0;28.0;3.0;19.0;4.0;26.0;10.0;4.610.944.647.406.780;12/2/21;4611
6848.0;8.0;3.0;26.0;5.0;13.0;1.0;21.0;17.0;30.012.264.028.446.100;13/2/21;30012
5600.0;12.0;2.0;19.0;6.0;16.0;5.0;23.0;9.0;6.203.178.265.429.710;14/2/21;6203
8327.0;14.0;8.0;21.0;4.0;14.0;6.0;24.0;14.0;75.957.090.322.398;15/2/21;76
8110.0;17.0;5.0;18.0;6.0;18.0;6.0;30.0;16.0;1.022.011.432.797.280;16/2/21;1022
7133.0;16.0;5.0;26.0;9.0;15.0;4.0;28.0;16.0;6.092.238.683.458.060;17/2/21;6092
6525.0;16.0;12.0;26.0;7.0;18.0;2.0;16.0;18.0;3.225.963.680.357.760;18/2/21;3226
6554.0;8.0;4.0;25.0;10.0;21.0;8.0;22.0;20.0;4.828.049.824.139.420;19/2/21;4828
5183.0;13.0;4.0;22.0;6.0;22.0;5.0;13.0;21.0;57.967.810.770.215.400;20/2/21;57968
4246.0;16.0;4.0;32.0;3.0;11.0;4.0;25.0;11.0;6.367.338.060.730.600;21/2/21;6367
6447.0;14.0;6.0;19.0;9.0;18.0;4.0;22.0;17.0;5.558.079.439.309.950;22/2/21;5558
6256.0;14.0;5.0;25.0;4.0;10.0;3.0;13.0;16.0;4.219.971.335.325.030;23/2/21;4220
5516.0;16.0;7.0;25.0;4.0;12.0;4.0;24.0;12.0;6.574.956.877.743.240;24/2/21;6575
5064.0;9.0;4.0;19.0;8.0;20.0;2.0;27.0;13.0;4.365.404.310.905.400;25/2/21;4365
5461.0;15.0;8.0;25.0;4.0;15.0;4.0;18.0;13.0;5.282.663.945.508.840;26/2/21;5283
4058.0;11.0;7.0;23.0;3.0;17.0;7.0;25.0;14.0;76.532.482.728.252.900;27/2/21;76532
3699.0;17.0;8.0;17.0;11.0;14.0;5.0;22.0;12.0;5.236.913.258.833.840;28/2/21;5237
5585.0;11.0;4.0;21.0;9.0;21.0;3.0;24.0;10.0;37.938.005.637.096.700;1/3/21;37938
5237.0;17.0;2.0;22.0;2.0;18.0;4.0;16.0;18.0;8.551.796.295.905.740;2/3/21;8552
5215.0;11.0;3.0;16.0;5.0;14.0;2.0;11.0;11.0;33.085.760.550.300.700;3/3/21;33086
4672.0;17.0;6.0;23.0;8.0;14.0;5.0;13.0;17.0;4.844.714.395.479.180;4/3/21;4845
4952.0;11.0;6.0;21.0;6.0;15.0;4.0;15.0;17.0;4.082.998.032.370.600;5/3/21;4083
3942.0;11.0;3.0;24.0;8.0;15.0;4.0;18.0;17.0;3.810.322.014.346.530;6/3/21;3810
3517.0;10.0;6.0;30.0;8.0;19.0;4.0;14.0;8.0;39.713.596.015.046.200;7/3/21;39714
5158.0;11.0;1.0;18.0;4.0;15.0;2.0;20.0;10.0;5.301.451.927.062.380;8/3/21;5301
4988.0;14.0;5.0;21.0;7.0;21.0;4.0;21.0;10.0;5.271.378.997.810.080;9/3/21;5271
4944.0;9.0;7.0;23.0;8.0;17.0;3.0;17.0;18.0;23.619.557.310.293.600;10/3/21;23620
4670.0;10.0;6.0;23.0;7.0;18.0;4.0;17.0;11.0;27.822.654.683.925.000;11/3/21;27823
5086.0;11.0;7.0;17.0;10.0;11.0;2.0;17.0;18.0;23.726.691.244.607.600;12/3/21;23727
3998.0;12.0;4.0;20.0;9.0;10.0;4.0;15.0;13.0;28.378.557.600.180.600;13/3/21;28379
3628.0;8.0;6.0;21.0;7.0;23.0;3.0;23.0;13.0;3.676.183.922.772.750;14/3/21;3676
5677.0;11.0;5.0;18.0;6.0;12.0;3.0;14.0;14.0;3.547.353.960.900.070;15/3/21;3547
5423.0;14.0;7.0;27.0;8.0;11.0;3.0;15.0;15.0;2.255.863.140.928.820;16/3/21;2256
5128.0;17.0;10.0;18.0;3.0;15.0;5.0;19.0;13.0;7.696.353.007.594.730;17/3/21;7696
5402.0;9.0;4.0;23.0;8.0;18.0;3.0;16.0;16.0;2.419.372.821.140.890;18/3/21;2419
5086.0;8.0;7.0;15.0;5.0;21.0;3.0;12.0;13.0;3.128.314.396.449.110;19/3/21;3128
4600.0;15.0;4.0;26.0;4.0;17.0;6.0;16.0;14.0;64.246.836.247.373.400;20/3/21;64247
4270.0;11.0;9.0;24.0;5.0;20.0;3.0;20.0;17.0;4.350.215.351.894.490;21/3/21;4350
6756.0;10.0;7.0;21.0;9.0;22.0;3.0;30.0;18.0;5.239.577.192.671.980;22/3/21;5240
6965.0;14.0;5.0;16.0;5.0;22.0;6.0;20.0;11.0;7.684.075.119.113.460;23/3/21;7684
6266.0;16.0;7.0;16.0;7.0;14.0;3.0;22.0;22.0;736.304.303.093.519;24/3/21;736
6141.0;16.0;4.0;22.0;7.0;23.0;2.0;19.0;15.0;5.470.424.863.611.430;25/3/21;5470
6786.0;17.0;5.0;24.0;6.0;13.0;8.0;26.0;19.0;9.520.274.506.888.580;26/3/21;9520
5489.0;15.0;7.0;21.0;9.0;19.0;4.0;20.0;15.0;483.387.292.359.535;27/3/21;483
5075.0;16.0;8.0;24.0;6.0;17.0;4.0;19.0;16.0;5.614.859.778.731.370;28/3/21;5615
7217.0;16.0;8.0;25.0;7.0;20.0;6.0;21.0;15.0;6.268.211.690.128.860;29/3/21;6268
7102.0;18.0;9.0;30.0;9.0;17.0;4.0;26.0;21.0;5.897.572.868.076.950;30/3/21;5898
7216.0;20.0;8.0;28.0;7.0;13.0;3.0;25.0;24.0;7.403.241.333.691.480;31/3/21;7403
6976.0;13.0;6.0;21.0;11.0;19.0;7.0;21.0;12.0;4.556.458.165.392.350;1/4/21;4556
5947.0;22.0;5.0;25.0;12.0;17.0;7.0;23.0;12.0;6.800.366.935.127.300;2/4/21;6800
6905.0;21.0;11.0;26.0;13.0;19.0;7.0;24.0;22.0;6.616.680.583.002.060;3/4/21;6617
6931.0;21.0;6.0;22.0;6.0;18.0;7.0;21.0;15.0;9.335.629.464.099.370;4/4/21;9336
8910.0;26.0;6.0;27.0;3.0;19.0;5.0;31.0;23.0;1.351.751.912.700.730;5/4/21;1352
9482.0;13.0;2.0;20.0;7.0;26.0;6.0;20.0;18.0;7.515.130.328.090.220;6/4/21;7515
8919.0;15.0;3.0;25.0;7.0;21.0;1.0;26.0;20.0;6.284.089.746.993.120;7/4/21;6284
8407.0;11.0;5.0;10.0;9.0;19.0;7.0;20.0;13.0;6.532.304.943.712.960;8/4/21;6532
8717.0;15.0;7.0;29.0;6.0;18.0;7.0;23.0;18.0;6.974.612.098.070.550;9/4/21;6975
7742.0;13.0;4.0;19.0;9.0;16.0;4.0;15.0;17.0;4.145.271.189.617.670;10/4/21;4145
6329.0;20.0;5.0;19.0;6.0;15.0;9.0;15.0;17.0;9.453.724.849.293.300;11/4/21;9454
9295.0;14.0;6.0;27.0;6.0;25.0;5.0;17.0;23.0;6.201.758.619.896.840;12/4/21;6202
9031.0;14.0;5.0;26.0;12.0;20.0;7.0;22.0;12.0;4.082.719.369.358.900;13/4/21;4083
9142.0;16.0;9.0;30.0;10.0;16.0;4.0;27.0;11.0;3.668.213.035.718.130;14/4/21;3668
8381.0;8.0;3.0;25.0;6.0;14.0;7.0;18.0;14.0;43.183.191.117.108.000;15/4/21;43183
8695.0;14.0;6.0;32.0;7.0;21.0;4.0;23.0;16.0;4.592.063.636.182.580;16/4/21;4592
7056.0;22.0;5.0;27.0;6.0;14.0;5.0;20.0;12.0;7.424.370.049.372.800;17/4/21;7424
6503.0;19.0;6.0;35.0;4.0;20.0;2.0;18.0;11.0;4.486.994.434.078.290;18/4/21;4487
8977.0;14.0;5.0;24.0;8.0;15.0;5.0;21.0;20.0;5.820.653.071.878.640;19/4/21;5821
9625.0;17.0;4.0;33.0;4.0;18.0;6.0;22.0;19.0;7.804.864.990.365.770;20/4/21;7805
8329.0;14.0;5.0;18.0;4.0;12.0;3.0;23.0;18.0;7.513.033.173.299.430;21/4/21;7513
8290.0;8.0;4.0;19.0;7.0;12.0;2.0;19.0;15.0;2.829.310.405.205.660;22/4/21;2829
8269.0;14.0;2.0;29.0;10.0;13.0;1.0;23.0;22.0;35.669.659.034.782.100;23/4/21;35670
6715.0;16.0;3.0;23.0;4.0;17.0;5.0;21.0;15.0;7.998.772.229.098.750;24/4/21;7999
5787.0;16.0;4.0;30.0;10.0;23.0;6.0;21.0;21.0;5.819.513.940.364;25/4/21;6
8687.0;15.0;5.0;24.0;7.0;20.0;2.0;25.0;17.0;5.914.606.194.450.560;26/4/21;5915
8329.0;17.0;3.0;24.0;7.0;15.0;2.0;18.0;14.0;490.158.835.439.785;27/4/21;490
7756.0;13.0;4.0;19.0;7.0;12.0;2.0;16.0;21.0;464.863.092.939.014;28/4/21;465
6955.0;27.0;4.0;22.0;2.0;13.0;3.0;17.0;13.0;10.271.535.955.550.100;29/4/21;10272
7395.0;22.0;6.0;24.0;6.0;10.0;8.0;16.0;15.0;841.889.845.290.521;30/4/21;842
5439.0;23.0;3.0;29.0;6.0;14.0;7.0;12.0;15.0;7.476.173.439.104.940;1/5/21;7476
4611.0;15.0;8.0;16.0;5.0;14.0;6.0;20.0;12.0;7.265.023.392.794.260;2/5/21;7265
6623.0;19.0;7.0;25.0;5.0;15.0;2.0;21.0;15.0;6.284.583.368.028.640;3/5/21;6285
6656.0;15.0;7.0;26.0;5.0;18.0;2.0;23.0;19.0;5.916.600.415.830.650;4/5/21;5917
6789.0;15.0;5.0;18.0;10.0;12.0;3.0;26.0;23.0;6.578.368.842.247.580;5/5/21;6578
5566.0;18.0;2.0;19.0;5.0;25.0;4.0;19.0;18.0;9.012.977.135.090.740;6/5/21;9013
5950.0;15.0;6.0;32.0;7.0;20.0;6.0;21.0;17.0;5.443.356.244.807.080;7/5/21;5443
4409.0;27.0;5.0;69.0;6.0;9.0;5.0;18.0;20.0;2.985.158.811.240.570;8/5/21;2985
3861.0;25.0;6.0;38.0;7.0;11.0;7.0;24.0;18.0;8.324.222.234.262.750;9/5/21;8324
6022.0;19.0;6.0;32.0;8.0;18.0;8.0;27.0;24.0;9.054.266.530.438.530;10/5/21;9054
5128.0;16.0;4.0;25.0;7.0;14.0;6.0;23.0;22.0;7.857.694.912.531.890;11/5/21;7858
5032.0;13.0;5.0;22.0;8.0;14.0;7.0;14.0;17.0;489.259.754.908.584;12/5/21;489
4944.0;13.0;5.0;21.0;5.0;14.0;5.0;15.0;22.0;6.298.859.561.166.010;13/5/21;6299
4959.0;12.0;5.0;25.0;7.0;19.0;8.0;18.0;32.0;7.914.748.879.202.790;14/5/21;7915
4038.0;20.0;4.0;29.0;10.0;13.0;3.0;16.0;20.0;4.429.335.366.101.480;15/5/21;4429
3456.0;17.0;3.0;22.0;3.0;15.0;6.0;21.0;14.0;9.057.255.445.534.890;16/5/21;9057
5504.0;23.0;3.0;15.0;13.0;21.0;3.0;16.0;25.0;7.520.035.685.769.060;17/5/21;7520
5409.0;14.0;6.0;28.0;6.0;12.0;2.0;12.0;24.0;3.346.341.286.087.790;18/5/21;3346
4606.0;16.0;4.0;26.0;16.0;25.0;3.0;16.0;20.0;1.776.635.766.777.170;19/5/21;1777
4785.0;16.0;6.0;24.0;8.0;17.0;4.0;16.0;19.0;4.936.072.913.855.340;20/5/21;4936
4815.0;15.0;7.0;26.0;7.0;18.0;4.0;17.0;17.0;4.544.775.792.277.530;21/5/21;4545
3621.0;12.0;5.0;23.0;7.0;17.0;5.0;13.0;21.0;4.505.826.654.482.710;22/5/21;4506
3246.0;20.0;7.0;24.0;4.0;19.0;4.0;19.0;16.0;7.958.567.174.715.020;23/5/21;7959
4855.0;19.0;5.0;22.0;7.0;17.0;6.0;18.0;22.0;8.346.272.581.407.020;24/5/21;8346
4857.0;13.0;4.0;25.0;7.0;14.0;5.0;20.0;28.0;6.730.859.215.229.390;25/5/21;6731
4860.0;18.0;3.0;25.0;13.0;19.0;5.0;15.0;21.0;4.409.712.730.444.530;26/5/21;4410
4272.0;19.0;7.0;21.0;6.0;16.0;4.0;15.0;17.0;6.516.950.935.922.770;27/5/21;6517
4546.0;20.0;7.0;17.0;8.0;9.0;5.0;17.0;14.0;6.651.533.229.208.540;28/5/21;6652
3526.0;19.0;4.0;31.0;7.0;12.0;2.0;13.0;20.0;4.019.178.210.556.090;29/5/21;4019
3012.0;23.0;6.0;37.0;9.0;19.0;2.0;19.0;14.0;3.920.856.840.027.100;30/5/21;3921
4521.0;18.0;4.0;25.0;9.0;20.0;6.0;25.0;30.0;9.403.910.016.878.030;31/5/21;9404
4942.0;15.0;6.0;26.0;7.0;10.0;4.0;14.0;17.0;37.278.997.252.705.700;1/6/21;37279
4512.0;13.0;5.0;30.0;9.0;15.0;6.0;12.0;26.0;37.088.182.572.529.200;2/6/21;37088
3885.0;13.0;3.0;23.0;11.0;19.0;7.0;14.0;28.0;5.517.502.398.377.200;3/6/21;5518
3906.0;10.0;6.0;26.0;6.0;18.0;4.0;24.0;18.0;4.951.364.145.730.000;4/6/21;4951
3190.0;18.0;6.0;27.0;5.0;10.0;6.0;7.0;17.0;4.875.254.229.897.830;5/6/21;4875
2762.0;12.0;5.0;20.0;17.0;22.0;3.0;21.0;24.0;21.665.972.733.289.200;6/6/21;21666
4044.0;12.0;8.0;23.0;6.0;11.0;6.0;19.0;24.0;607.103.170.349.639;7/6/21;607
3608.0;18.0;9.0;28.0;11.0;6.0;8.0;24.0;28.0;7.016.600.149.260.630;8/6/21;7017
3567.0;12.0;6.0;19.0;5.0;17.0;3.0;8.0;28.0;4.963.142.564.989.420;9/6/21;4963
3459.0;14.0;6.0;23.0;6.0;6.0;3.0;10.0;20.0;331.902.005.699.823;10/6/21;332
3381.0;17.0;10.0;14.0;10.0;11.0;5.0;9.0;17.0;39.031.785.652.332.400;11/6/21;39032
2687.0;16.0;5.0;35.0;6.0;18.0;5.0;14.0;24.0;4.973.397.036.493.290;12/6/21;4973
2493.0;14.0;4.0;32.0;9.0;19.0;2.0;14.0;26.0;27.975.407.520.417.700;13/6/21;27975
3815.0;14.0;6.0;26.0;6.0;15.0;8.0;12.0;34.0;7.600.533.905.569.910;14/6/21;7601
3818.0;16.0;5.0;25.0;5.0;14.0;7.0;22.0;25.0;915.084.870.372.208;15/6/21;915
3632.0;19.0;4.0;29.0;9.0;13.0;8.0;16.0;32.0;8.167.179.794.032.360;16/6/21;8167
3334.0;13.0;7.0;21.0;8.0;13.0;7.0;8.0;21.0;4.108.062.024.586.520;17/6/21;4108
3678.0;20.0;7.0;29.0;7.0;11.0;5.0;13.0;29.0;6.560.252.167.935.370;18/6/21;6560
2945.0;18.0;7.0;31.0;6.0;7.0;6.0;14.0;30.0;6.553.430.953.815.040;19/6/21;6553
2907.0;20.0;4.0;24.0;6.0;18.0;3.0;10.0;38.0;8.361.582.248.541.700;20/6/21;8362
4426.0;11.0;4.0;24.0;6.0;10.0;7.0;11.0;34.0;6.404.934.998.135.730;21/6/21;6405
4631.0;14.0;5.0;21.0;13.0;10.0;6.0;14.0;25.0;37.438.069.502.546.500;22/6/21;37438
4575.0;7.0;2.0;20.0;9.0;11.0;6.0;13.0;25.0;3.645.314.192.205.980;23/6/21;3645
4075.0;14.0;3.0;25.0;6.0;18.0;7.0;13.0;33.0;80.045.515.202.962.300;24/6/21;80046
5186.0;13.0;11.0;28.0;5.0;16.0;5.0;26.0;32.0;7.772.846.516.293.590;25/6/21;7773
5901.0;13.0;5.0;32.0;8.0;10.0;7.0;14.0;31.0;4.996.317.230.817.880;26/6/21;4996
6058.0;12.0;4.0;32.0;9.0;14.0;9.0;14.0;26.0;4.792.038.483.231.790;27/6/21;4792
10397.0;12.0;11.0;26.0;8.0;12.0;9.0;26.0;40.0;9.027.638.877.481.560;28/6/21;9028
13109.0;16.0;7.0;31.0;12.0;16.0;4.0;29.0;43.0;75.848.569.259.119;29/6/21;76
12983.0;16.0;12.0;34.0;3.0;10.0;10.0;32.0;45.0;13.048.592.655.201.000;30/6/21;13049
12801.0;18.0;8.0;31.0;5.0;18.0;10.0;26.0;46.0;13.360.961.181.639.800;1/7/21;13361
13793.0;14.0;8.0;39.0;9.0;11.0;13.0;30.0;35.0;9.387.401.181.126.130;2/7/21;9387
12241.0;21.0;12.0;38.0;13.0;13.0;4.0;25.0;41.0;5.765.929.721.050.410;3/7/21;5766
11838.0;20.0;9.0;43.0;9.0;17.0;14.0;32.0;50.0;13.591.973.905.878.300;4/7/21;13592
17751.0;15.0;10.0;24.0;8.0;18.0;16.0;38.0;46.0;1.664.489.746.338.140;5/7/21;1664
20818.0;12.0;5.0;27.0;8.0;19.0;13.0;34.0;34.0;12.483.846.951.951.300;6/7/21;12484
21711.0;16.0;8.0;29.0;11.0;15.0;10.0;43.0;43.0;13.165.364.241.069.900;7/7/21;13165
20585.0;12.0;8.0;44.0;7.0;22.0;10.0;46.0;53.0;13.474.311.312.461.000;8/7/21;13474
22773.0;17.0;8.0;36.0;8.0;20.0;15.0;47.0;69.0;2.012.820.186.796.810;9/7/21;2013
18537.0;17.0;8.0;54.0;6.0;22.0;8.0;39.0;63.0;13.131.358.916.871.100;10/7/21;13131
15980.0;12.0;11.0;35.0;8.0;15.0;9.0;46.0;46.0;12.294.112.059.202.800;11/7/21;12294
27255.0;13.0;7.0;41.0;6.0;16.0;16.0;51.0;69.0;20.013.324.868.598.800;12/7/21;20013
27872.0;16.0;11.0;47.0;6.0;18.0;12.0;60.0;72.0;19.951.789.284.894.600;13/7/21;19952
25180.0;16.0;6.0;46.0;11.0;19.0;13.0;73.0;71.0;21.546.747.249.838.400;14/7/21;21547
23388.0;26.0;10.0;36.0;6.0;21.0;15.0;61.0;59.0;2.482.271.167.361.280;15/7/21;2482
25079.0;20.0;12.0;45.0;9.0;18.0;25.0;68.0;67.0;26.323.021.773.581.300;16/7/21;26323
17827.0;24.0;10.0;39.0;10.0;25.0;19.0;54.0;72.0;24.358.362.381.750.300;17/7/21;24358
15256.0;18.0;9.0;47.0;8.0;23.0;15.0;52.0;41.0;15.993.330.115.307.300;18/7/21;15993
18613.0;17.0;11.0;100.0;10.0;19.0;13.0;78.0;82.0;15.600.864.813.684.300;19/7/21;15601
15243.0;18.0;6.0;45.0;9.0;14.0;13.0;48.0;100.0;22.092.815.992.012.400;20/7/21;22093
30587.0;19.0;8.0;44.0;6.0;13.0;10.0;60.0;71.0;20.602.650.948.958.000;21/7/21;20603
29535.0;19.0;11.0;50.0;10.0;20.0;20.0;57.0;87.0;2.362.122.844.411.050;22/7/21;2362
31171.0;10.0;8.0;42.0;8.0;22.0;16.0;60.0;87.0;22.285.075.970.380.400;23/7/21;22285