CONTROLN,STATE,GENDER,HV1,IC1,IC4,HVP1,IC5,POBC1,POBC2,IC2,IC3,AVGGIFT,TCODE,DOB,DOMAIN,TARGET_D
119966,TX,F,321,225,281,0,9372,3,68,264,243,8.058823529,0,3212,T3,11.0
152470,CA,F,5725,610,807,97,53158,13,22,763,698,23.72727273,0,0,S1,45.0
48527,AL,Male,931,407,496,0,17743,0,65,502,439,4.416666667,2,0,R3,3.0
171528,CA,F,1895,317,471,46,17431,10,62,389,405,6.705882353,0,5501,R2,5.0
50122,Tennessee,F,715,318,370,2,12416,0,75,340,352,9.25,2,0,T1,10.0
92293,IL,F,3359,878,973,87,35266,16,74,897,934,5.8,0,2201,S1,5.0
47191,AL,F,950,264,378,3,20090,6,55,295,330,4.142857143,2,2601,C1,5.0
89288,IL,F,1243,414,507,9,15884,18,70,467,464,10.4,0,5308,S2,15.0
101676,MO,M,1162,529,612,7,18860,4,60,560,571,10.125,1,3405,C1,15.0
30051,GA,F,359,205,292,0,9279,0,90,260,250,9.0,0,4501,0,10.0
141500,NV,M,720,328,381,0,12646,9,19,357,358,11.6,0,7001,S2,18.0
21599,SC,M,1168,365,460,15,18128,1,68,430,403,5.0,1,0,T2,7.0
110789,LA,F,324,129,277,1,9585,0,91,204,226,8.2,2,2912,R2,15.0
139512,NM,M,828,318,416,2,14887,4,39,368,366,20.0,1,0,S1,20.0
142662,CA,F,1188,166,243,5,10014,10,34,218,194,8.333333333,28,2401,U3,10.0
82920,MN,F,915,469,566,0,17112,4,60,514,514,5.52631579,3,5601,S1,5.0
168186,CA,,2412,549,549,91,16642,17,55,534,564,20.0,0,0,U1,10.0
94503,IL,F,550,157,217,3,6493,16,56,173,215,12.5,0,6201,U4,10.0
167406,CA,F,4135,602,694,97,33830,7,60,608,665,7.0,0,2601,U1,7.0
170722,CA,F,2043,296,598,52,15530,10,56,569,399,13.8,0,4001,C1,20.0
101989,MO,F,523,314,350,0,11799,1,77,330,327,3.0625,0,2306,R2,5.0
66577,MI,F,2417,575,905,69,34152,17,43,835,693,10.5,2,2001,S2,10.0
33003,FL,F,831,242,333,1,19039,5,17,286,281,7.375,0,5201,C1,8.0
70216,MI,M,364,312,315,1,9474,3,76,335,293,9.25,1,0,S3,20.0
43086,FL,F,795,352,444,0,18613,6,12,406,397,7.333333333,28,2501,C2,20.0
122110,TX,U,408,254,324,0,8051,15,71,292,303,4.9375,0,6401,S3,10.0
150684,CA,M,2476,366,537,71,15702,50,38,453,470,17.66666667,1,0,0,34.0
162341,CA,F,3693,358,442,97,16753,23,56,393,393,11.28571429,0,0,S1,14.0
56407,KY,F,382,173,259,0,9037,0,92,211,233,10.64705882,0,2707,R3,20.0
188988,IN,,667,243,351,1,12239,2,70,311,298,6.285714286,28,0,0,7.0
35581,FL,M,906,296,473,3,16729,4,37,377,360,10.42857143,1,2812,S1,15.0
46358,FL,M,715,362,408,0,12806,6,28,371,388,7.466666667,1,1801,T2,9.0
109533,LA,M,576,290,375,2,9596,1,66,318,339,7.5,0,3201,T2,25.0
81322,WI,male,335,209,311,0,9461,1,88,252,268,10.05555556,1,0,R3,15.0
179275,WA,F,1424,419,506,21,16767,4,56,446,477,9.2,0,4501,T2,25.0
48691,AL,F,733,316,412,0,19790,1,75,378,374,10.0,0,2702,C2,20.0
24420,SC,F,1333,162,476,11,4738,2,29,451,234,8.625,4,4001,C1,12.0
165368,CA,M,3899,733,811,97,28586,14,49,786,749,33.33333333,1,3201,S1,20.0
41545,FL,M,658,373,436,0,14942,11,23,392,417,5.789473684,1,0,S2,5.0
106235,KS,M,498,273,346,0,12893,0,69,302,304,5.0,1,1801,T2,5.0
133640,ID,M,793,359,505,16,19844,0,45,372,464,7.5,1,3210,C2,10.0
176443,OR,F,641,291,391,1,12815,4,45,300,356,14.0,0,2103,R2,10.0
190976,AZ,,558,298,345,0,10331,4,33,301,327,14.77777778,0,0,C2,20.0
145911,CA,F,3314,781,828,99,25608,33,47,755,820,11.66666667,0,0,S1,10.0
32984,AP,Male,0,0,0,0,0,0,0,0,0,9.5,1,0,S1,8.0
67541,MI,F,558,344,414,0,14032,0,69,366,398,6.363636364,28,5601,C2,7.0
86803,MT,female,419,184,279,1,9682,1,63,214,253,7.333333333,2,0,R2,10.0
100324,MO,F,1783,577,653,36,26826,0,62,603,609,20.0,0,4901,S1,20.0
132444,CO,F,543,428,434,0,12010,1,55,431,421,15.0,0,4804,T2,20.0
107235,NE,M,1344,639,758,12,27610,4,53,733,676,7.214285714,1,3001,S1,11.0
67304,MI,F,1335,597,724,24,28770,4,67,682,644,22.25,0,4802,T1,20.0
82040,WI,male,493,213,294,1,10815,2,81,248,258,2.674418605,1,2403,R2,3.0
43674,FL,F,888,328,410,0,17342,5,13,368,371,5.714285714,28,0,C2,10.0
159171,CA,F,1968,416,496,45,16541,9,50,485,449,9.4,0,3308,C2,15.0
64400,IN,M,1033,329,473,4,16482,14,47,460,376,15.0,1,5701,C1,21.0
11284,FL,M,934,324,478,9,17408,4,11,391,404,6.366666667,0,3201,C2,4.0
74419,MI,F,578,242,328,1,12451,2,83,306,279,9.857142857,0,0,T2,10.0
55840,MS,M,406,240,265,0,6733,1,61,243,255,17.5,0,4701,T2,16.0
22176,NC,M,474,163,253,1,10597,1,73,205,218,9.133333333,1,0,R3,12.0
25678,FL,M,721,302,365,2,12474,3,51,339,335,8.875,1,0,C1,20.0
107569,NE,M,443,231,323,0,11042,1,79,288,281,36.11111111,1,4601,R2,50.0
70301,MI,F,841,334,462,0,17676,2,79,409,378,10.0,2,3101,S1,5.0
39020,FL,M,724,327,371,0,15784,19,25,384,319,12.5,1002,4801,S1,21.0
125906,TX,F,924,414,438,1,14092,3,55,443,427,4.666666667,1,2901,T1,6.0
23934,SC,F,1056,405,485,5,15432,6,78,498,444,3.589285714,2,5201,T2,25.0
112751,OK,F,1017,672,673,2,18233,0,55,700,647,13.8,0,4201,T1,50.0
3651,MI,F,668,300,385,8,14567,3,24,322,344,25.83333333,2,3001,0,25.0
1068,CA,F,3528,814,867,98,25564,18,43,808,867,6.162790698,2,3103,S1,5.0
120128,TX,F,417,277,326,0,10308,0,89,300,258,14.0,0,3501,R2,15.0
152092,CA,F,1232,203,267,1,10129,14,37,229,241,3.714285714,28,3201,C3,5.0
85913,SD,M,396,248,304,1,10419,1,18,274,284,9.727272727,1,3001,R2,14.0
43226,FL,M,764,269,353,1,13439,10,9,307,317,15.0,1,2201,C2,20.0
60738,IN,F,877,419,496,0,16981,14,53,473,450,5.25,2,4901,S1,5.0
60571,IN,M,696,354,472,3,15493,0,73,402,407,10.5,1,0,T2,15.0
131913,CO,F,1109,513,636,4,20235,0,64,587,606,13.25,0,1607,S1,19.0
172140,CA,F,2099,588,643,53,19738,3,66,609,610,10.7,0,5201,T1,10.0
147753,CA,F,4778,792,987,95,35530,9,58,981,849,19.25,0,2701,S1,25.0
161856,CA,M,2264,430,392,68,16795,13,42,441,404,11.0,1,1901,C1,15.0
140611,NM,F,740,240,324,2,10701,9,26,288,294,4.375,2,5101,T2,4.0
30068,GA,F,573,250,316,0,9846,1,84,295,285,7.153846154,0,5001,R2,12.0
96175,IL,M,258,60,209,0,4884,7,63,120,89,5.555555556,1,1501,T3,5.0
727,IA,F,240,232,315,0,10744,1,85,280,271,2.260869565,0,2401,R3,2.0
188893,NC,M,701,297,468,1,15258,3,74,335,405,15.5,4,0,T2,25.0
110425,LA,F,305,95,182,1,6104,0,83,103,162,13.33333333,0,5201,R3,20.0
54897,GA,,1271,733,752,4,23282,5,39,752,743,15.09090909,1,5509,S1,20.0
173772,HI,F,1233,310,399,20,11450,11,71,347,365,7.923076923,0,0,R2,10.0
25560,GA,F,802,479,555,1,16469,2,65,488,531,11.05882353,2,4101,C2,14.0
185886,WI,male,929,315,438,3,17069,4,80,403,341,5.142857143,1,0,S2,5.0
175847,OR,F,2070,540,876,53,33467,4,41,781,678,5.5,0,3001,S1,10.0
29610,GA,M,387,191,325,1,11604,0,74,221,285,4.923076923,1002,0,T2,5.0
86926,MT,female,585,197,288,0,11955,1,58,244,228,8.8,0,3001,R2,15.0
179235,WA,male,1133,596,610,1,19287,2,59,596,591,9.0,1,6401,S1,12.0
8276,CA,M,5914,1490,1282,98,58689,17,38,1500,1275,12.63157895,1,4409,S1,15.0
27108,GA,F,656,304,312,3,14123,0,58,309,308,7.35,2,2101,S2,15.0
56860,KY,F,439,328,356,0,9955,0,84,335,350,11.25,0,6601,T2,24.0
157817,CA,F,2356,520,762,77,31180,7,43,683,651,11.28,3,4101,S1,11.0
135296,AZ,Female,967,254,408,13,19177,7,9,359,287,6.333333333,0,1501,C2,11.0
80995,WI,male,342,174,262,0,8356,1,81,228,217,5.857142857,1,2509,R3,5.0
95943,IL,M,435,353,373,1,13341,1,65,399,345,10.0,1,2901,C2,13.0
188141,FL,,578,248,338,6,12336,3,51,280,309,14.42857143,1,0,S1,25.0
13523,NV,F,463,177,233,0,8068,0,51,189,221,14.0,0,4103,R2,40.0
7518,WI,male,607,298,361,1,12279,1,82,330,324,4.842105263,1,0,0,5.0
7637,Tennessee,F,353,179,258,0,9059,0,51,220,221,9.0,0,1801,R3,10.0
40655,FL,M,810,295,430,0,19398,2,24,373,374,11.0,0,3601,C2,20.0
87505,MT,female,375,200,222,0,7976,0,62,181,225,8.388888889,0,2101,C3,8.0
176380,OR,M,865,459,615,4,21364,6,36,536,530,10.0,0,4901,C1,15.0
45367,FL,M,1172,455,525,6,18415,3,28,502,487,25.0,1002,6501,U1,30.0
112496,AR,Female,1906,512,896,44,41437,0,21,540,759,8.125,0,0,C1,10.0
119576,TX,M,916,505,571,0,18849,3,68,571,496,9.2,1,5901,S1,9.0
9923,TX,F,1234,363,561,19,21054,3,58,456,441,11.23529412,28,4501,0,14.0
69963,MI,F,567,359,405,0,14794,0,80,395,370,23.125,0,3908,S3,25.0
32538,FL,F,752,346,413,0,14353,9,24,367,374,5.307692308,0,1509,S2,6.0
175139,OR,M,685,237,338,0,11659,6,54,305,306,10.0,1,2812,T2,15.0
138552,AZ,M,611,289,354,0,9529,7,56,302,332,10.30769231,1,2103,S2,10.0
160103,CA,F,0,0,0,0,0,0,0,0,0,5.25,0,3601,S2,5.0
152151,CA,M,1447,296,434,9,17489,9,44,402,355,23.85714286,0,0,S3,42.0
174271,HI,M,2786,301,393,68,16808,19,67,366,340,15.83333333,1,0,U1,18.0
41434,FL,M,782,435,451,0,14253,2,33,437,443,6.588235294,1002,4710,U4,5.0
3312,WI,male,930,397,552,2,17794,1,76,511,441,11.44444444,1,5001,T1,15.0
120805,TX,F,693,332,390,5,15009,3,75,339,367,6.428571429,0,3501,C2,5.0
2889,OK,F,208,210,305,0,11711,0,60,261,261,3.181818182,2,1601,R2,3.0
162271,CA,M,4474,467,687,87,27544,18,41,608,583,10.0,0,0,S1,15.0
74955,IA,F,334,165,268,0,10461,0,84,193,219,12.61290323,0,2411,T3,10.0
151846,CA,M,1234,284,284,2,8270,27,38,276,308,5.75,0,0,S1,10.0
148546,CA,M,4286,811,947,95,33614,24,41,910,883,5.133333333,1,1201,S1,6.0
12837,IL,F,1072,547,636,0,17662,10,83,597,555,18.6,28,5401,S2,10.0
119868,TX,F,696,409,470,1,18427,1,77,439,439,10.42857143,0,1302,T1,10.0
185517,CA,M,1734,607,674,31,22234,5,50,635,638,8.571428571,1,3301,S1,10.0
441,IL,F,550,91,254,6,10050,0,49,163,166,5.5,2,4101,U4,10.0
132347,CA,M,3874,776,852,94,29217,6,42,759,865,14.0,1,0,C1,20.0
127444,CO,M,759,270,352,3,13278,5,32,307,316,18.5,1,5609,C1,21.0
149767,CA,M,2105,535,578,59,17785,43,28,555,557,10.44444444,1,2903,U2,15.0
172315,CA,F,1368,379,528,20,23121,7,56,416,487,6.852941177,2,1506,U1,8.0
43001,FL,F,1167,267,349,20,14192,11,20,274,323,15.0,0,0,C2,15.0
15416,NC,M,859,428,482,0,15841,1,71,454,442,20.0,1,5001,C2,30.0
141396,NV,M,1291,349,447,20,14894,4,23,373,402,10.5,1,0,S1,10.0
137743,AZ,Female,962,349,487,1,20739,13,4,379,419,5.733333333,2,2309,C1,8.0
118487,TX,F,420,171,293,1,10643,1,78,234,247,15.0,0,6801,R2,20.0
33393,FL,F,1571,473,526,28,21109,17,15,496,518,22.5,28,5101,T1,10.0
79622,WI,F,842,463,493,0,15371,3,70,469,492,9.913043478,202,1610,T2,5.0
99209,IL,F,517,303,416,1,15032,0,74,344,348,2.578947368,2,701,C2,3.0
23056,SC,F,1299,577,596,2,19461,0,43,589,590,4.0,0,4601,S1,12.5
105068,KS,U,731,354,423,2,14555,0,76,370,398,5.304347826,0,0,R2,7.0
170479,CA,F,670,182,252,1,8448,1,74,194,239,8.857142857,0,4201,R2,10.0
135174,AZ,Female,593,230,317,0,11405,3,42,319,272,12.75,28,3002,U3,25.0
116669,TX,M,444,203,286,0,9449,1,80,241,249,5.8,1,3201,S2,10.0
126415,TX,M,509,237,291,2,9830,26,49,262,263,5.333333333,1,3501,S2,5.0
97736,IL,M,570,273,406,0,15035,6,68,322,341,8.0,1,5303,C2,15.0
132437,CO,F,516,231,295,2,10607,1,56,252,275,9.857142857,2,3501,R2,13.0
169198,CA,F,960,288,314,2,13094,6,60,272,329,23.75,0,4201,C2,25.0
126949,TX,F,0,0,0,0,0,0,0,0,0,10.5,0,4001,C3,10.0
24040,SC,M,781,357,408,1,13977,1,54,375,373,8.769230769,2,3504,T1,20.0
51692,Tennessee,F,829,345,432,1,16592,0,57,394,404,10.6,0,2607,T1,15.0
38539,FL,F,1458,275,597,24,34713,22,3,446,427,5.5,0,3205,C1,13.0
181462,WA,F,978,312,384,5,12859,3,58,329,369,15.33333333,2,2001,R1,23.0
153771,CA,F,2111,463,580,56,22198,6,32,551,529,20.0,0,3201,C1,25.0
25558,GA,M,899,489,513,1,16749,4,60,503,503,10.5,1,4901,C2,15.0
182916,WA,F,666,358,486,1,17162,4,43,432,394,20.0,28,3401,C2,25.0
162213,CA,M,5000,665,827,98,37898,9,44,780,737,10.30769231,1,2201,S1,7.0
177039,OR,F,620,232,331,0,11354,3,44,288,284,9.729166667,0,2206,R2,21.0
107264,NE,M,612,359,400,0,14320,3,64,404,380,13.0,2,5201,C1,20.0
60708,IN,U,482,344,447,0,13525,0,55,429,401,3.117647059,2,0,T2,5.0
12234,CA,F,2247,357,500,60,18748,10,56,425,430,9.517241379,0,2201,C2,10.0
59240,IN,F,1395,575,704,28,24518,7,61,580,687,9.0,0,0,S1,10.0
127028,TX,F,586,242,348,0,13539,2,65,295,288,9.142857143,0,0,S2,18.0
72321,MI,M,628,310,369,2,12788,3,71,344,337,8.333333333,1,0,R2,10.0
161309,CA,M,1601,329,492,21,14811,13,62,351,453,11.85714286,1,5509,R1,18.0
58991,KY,M,277,112,168,0,5611,0,74,123,154,20.0,1,3302,R3,10.0
136772,AZ,,801,349,476,0,15610,2,34,416,410,12.22222222,980,5206,S2,19.0
190560,KS,M,220,181,272,0,9296,2,71,238,220,3.727272727,0,2601,0,5.0
158022,CA,F,2380,420,586,77,32129,6,21,490,567,8.47826087,0,1801,C1,15.0
177260,OR,M,492,198,284,1,9629,2,39,229,247,5.916666667,1,4606,R2,2.0
179257,WA,male,1449,605,657,3,17504,10,46,618,635,6.666666667,1,6201,S1,10.0
13434,NC,M,1044,269,329,15,12648,5,40,299,278,10.10526316,2,2202,R2,15.0
45351,FL,F,969,356,460,8,18690,6,14,390,401,26.0,2,2906,C2,25.0
102534,AZ,M,1390,386,482,18,25272,6,0,412,457,12.55555556,2,2209,T1,10.0
134159,UT,F,693,343,383,0,9139,2,81,357,367,20.0,0,0,T2,15.0
59746,IN,F,537,341,428,1,13705,1,82,393,388,4.848484849,2,0,T2,4.0
102953,MO,F,652,236,372,5,13699,2,57,309,303,15.0,0,5601,T2,21.0
149598,CA,F,2679,564,592,83,25475,16,44,600,595,8.95,2,710,U1,10.0
45968,FL,F,1155,328,458,12,15451,2,35,399,399,12.5,0,6101,R2,18.0
94486,IL,M,1358,447,501,3,18607,25,61,481,470,7.545454545,1,1501,U1,6.0
165641,CA,F,2192,364,487,68,17677,14,62,425,407,3.777777778,2,2501,U1,4.0
19779,NC,M,1285,608,676,11,23458,3,41,636,640,17.625,1,4301,S1,15.0
1249,IL,M,1435,423,517,6,18160,10,78,473,485,9.384615385,1,0,S2,32.0
57119,KY,M,556,247,322,0,10031,1,82,288,274,10.54545455,2,2111,T2,20.0
158615,CA,F,2875,290,442,75,24936,14,34,374,347,10.0,0,2601,S1,15.0
153353,CA,F,885,207,220,1,6142,35,47,171,263,18.2,2,2710,U4,27.0
42686,FL,F,824,263,352,3,13532,8,13,289,313,20.0,0,0,C2,20.0
71744,MI,M,727,148,463,2,18187,5,63,383,260,17.0,1,1104,C2,36.0
116608,TX,F,570,226,301,2,10637,1,76,249,276,10.0625,2,2201,R2,25.0
176138,OR,M,0,0,0,0,0,0,0,0,0,8.3125,2,0,C2,10.0
190789,MI,M,1770,712,730,15,24238,10,79,720,713,12.0,0,1707,S1,18.0
109450,LA,F,590,252,329,0,11072,0,77,282,309,7.545454545,2,2501,T2,11.0
102741,MO,F,238,176,287,0,10253,0,82,225,233,14.42857143,0,2201,R2,20.0
59598,IN,M,521,252,343,0,10057,2,71,297,293,18.18181818,2,0,T2,15.0
157481,CA,,2439,521,619,68,21808,17,48,572,574,17.0,0,5201,S1,19.0
21922,NC,female,844,263,352,21,12936,0,55,286,323,15.53571429,0,3001,R3,20.0
35908,FL,F,693,373,463,7,16854,1,24,457,413,15.0,0,5001,S2,20.0
105331,KS,M,237,194,261,0,9190,0,80,222,218,12.5,1,4801,R2,20.0
157728,CA,M,2102,342,463,57,16054,14,57,412,416,15.0,1,0,S2,20.0
81073,WI,F,571,243,349,0,13144,3,74,307,295,9.166666667,2,4701,C2,10.0
38471,FL,F,1033,471,598,25,22327,6,36,545,544,13.77777778,2,5001,0,25.0
163675,CA,,1693,423,492,23,17493,6,58,467,457,10.875,0,3501,U2,10.0
11195,MT,M,589,289,334,0,12204,0,54,318,294,11.8,2,1801,C2,10.0
5144,TX,M,1938,171,205,50,7708,33,40,174,197,10.06060606,1,0,C2,15.0
37221,FL,M,775,236,363,0,15628,14,8,296,308,3.956521739,0,1107,U3,6.0
187959,NC,,1024,360,429,11,15002,1,33,364,396,7.5,0,0,T2,10.0
95536,IL,F,886,482,433,3,13887,0,68,465,447,16.66666667,28,4601,T2,20.0
103330,MO,F,915,377,492,7,16206,3,62,432,445,10.33333333,0,4508,T1,50.0
174360,OR,F,1163,617,655,2,24280,12,30,631,633,8.916666667,0,5408,S1,11.0
173805,HI,F,2506,449,517,70,16302,8,55,455,501,8.875,28,1501,T1,50.0
30745,GA,F,717,339,424,3,14609,3,53,388,381,12.5,0,0,T3,25.0
20645,NC,female,405,187,214,0,7303,1,91,182,216,11.33333333,0,0,R3,10.0
27928,GA,M,1025,425,519,4,17688,1,58,493,470,13.0,1,1804,T1,12.0
80866,WI,F,438,342,373,0,11227,0,81,360,339,4.545454546,0,2701,R2,4.0
55408,MS,M,1449,735,791,28,29612,0,74,783,720,5.25,28,4612,T1,4.0
54674,MS,M,440,270,364,0,11109,0,75,288,315,4.705882353,1,2201,T2,5.0
185287,CA,F,1812,415,464,19,16451,7,52,452,435,4.615384615,2,6301,S2,5.0
178009,OR,M,779,215,262,1,9279,4,25,223,249,4.037037037,1,1803,R2,5.0
143069,CA,M,3431,549,664,86,20683,20,51,626,610,15.2,1,2601,U3,20.0
28874,GA,M,928,243,472,18,17216,11,68,310,396,17.5,2,3601,T2,21.0
144110,CA,F,5882,533,657,98,31652,40,23,596,623,9.777777778,0,3509,U1,15.0
77116,WI,F,660,308,370,1,11996,2,90,326,351,9.111111111,0,6101,R2,10.0
3553,WA,male,732,411,445,0,13863,3,33,425,434,16.28571429,1,1601,S2,20.0
60265,IN,F,225,191,226,0,7426,0,79,198,185,3.15,0,3803,C3,5.0
74552,MI,F,376,253,321,0,10637,1,89,304,281,4.555555556,0,0,T2,3.0
29215,GA,F,920,323,449,9,15305,1,65,375,404,17.375,0,2009,C1,38.0
3504,OR,F,700,360,424,0,13620,4,54,390,394,15.77777778,0,1901,S2,17.0
65114,MI,M,764,221,458,1,16824,3,74,385,305,3.966666667,2,0,T2,3.0
105823,KS,M,738,458,503,0,17494,1,60,509,479,6.5,1,4601,S1,2.5
26410,GA,F,821,361,442,0,16822,9,36,413,407,20.33333333,28,2201,S1,28.0
24080,SC,M,475,285,301,1,9446,0,86,302,275,25.0,0,4501,R2,25.0
159696,CA,F,1392,343,516,16,19194,14,72,381,484,15.0,28,5401,R2,15.0
24644,UT,F,866,399,475,2,10550,0,77,426,446,8.166666667,28,5201,T2,25.0
6457,CA,F,956,205,325,6,13234,8,34,272,272,6.085714286,2,0,T2,15.0
168317,CA,U,2341,311,502,70,13577,12,50,469,427,8.0,0,0,U1,13.0
159553,WA,male,1009,557,619,4,17660,1,44,562,615,5.333333333,1,3601,R2,7.0
56049,MS,female,398,243,309,0,9897,1,81,277,270,9.5,0,2709,R2,14.0
63865,IN,M,448,239,320,0,11284,0,80,291,274,5.578947368,1,3506,T2,12.0
62084,IN,M,522,280,334,1,10311,1,64,293,323,13.41666667,1,0,R2,20.0
165719,CA,F,3567,639,832,88,35491,6,46,739,710,3.411764706,0,4901,C1,4.0
171950,CA,F,1444,439,485,10,16815,8,60,441,475,6.8,0,3001,S2,10.0
118367,TX,,462,214,311,0,10650,2,76,266,274,10.0,1,3701,R2,19.0
41187,FL,M,514,222,298,1,11184,9,53,258,268,15.0,0,0,U4,15.0
132304,CO,F,774,360,396,1,16493,0,36,367,392,5.888888889,0,2001,T1,10.0
138944,AZ,Female,1436,298,466,25,20792,9,12,378,395,7.571428571,0,3201,C1,11.0
161204,CA,M,633,269,299,1,9551,12,64,273,291,25.0,1,0,R2,20.0
186579,CA,F,1869,559,600,38,20539,5,61,560,577,6.157894737,0,0,T2,5.0
11978,CO,M,1213,363,493,19,18860,3,33,416,436,12.46076923,1,4401,R1,15.0
117711,TX,F,271,114,258,0,7545,0,76,180,168,13.6,0,3004,C2,16.0
38924,FL,M,740,314,348,0,11579,18,23,318,348,15.0,1,3201,U3,20.0
47448,AL,Male,714,324,463,0,16087,3,81,463,383,4.571428571,1,0,S2,5.0
182479,WA,F,457,259,370,0,12804,4,63,323,308,6.8,28,0,T2,15.0
96075,IL,M,568,220,353,0,12599,0,84,279,282,4.7,1,2402,T2,5.0
138997,AZ,M,480,173,235,1,9091,2,21,214,214,9.714285714,1,2506,T3,12.0
108989,LA,F,1381,631,776,19,29012,1,64,672,718,15.0,0,5701,C1,15.0
87016,MT,female,425,169,163,0,17618,0,70,163,277,22.83333333,2,0,R2,23.0
12666,AZ,M,863,274,446,0,22486,4,0,325,368,68.8,0,3201,T1,75.0
34302,FL,F,837,321,431,8,13796,3,49,341,397,11.47619048,0,2403,T2,14.0
3018,CA,F,1429,260,329,12,9400,35,44,253,315,12.0,76,0,0,25.0
145231,CA,,0,303,725,0,33139,22,16,664,388,5.466666667,0,0,U2,6.0
152418,CA,M,1637,345,454,33,15788,8,46,405,403,11.625,1,3101,R2,12.0
65061,MI,M,1559,557,666,27,25181,7,80,621,604,20.0,0,5211,S1,25.0
72220,MI,F,835,473,507,2,16227,5,67,497,477,9.375,2,2307,C1,15.0
112288,CA,F,1259,389,458,13,15213,10,54,396,434,13.16666667,0,3001,R3,12.0
109539,LA,F,599,271,352,0,11920,0,83,335,302,13.73333333,2,5212,T2,20.0
7836,CA,M,2123,458,539,56,16611,11,49,480,517,24.11538462,1002,2201,T1,25.0
41448,FL,F,1503,396,659,29,25969,8,33,572,519,9.857142857,0,4206,U1,15.0
110822,AR,Female,576,284,351,0,10860,1,78,311,326,12.4,2,0,C1,20.0
66163,MI,F,922,448,526,1,20513,2,77,481,504,10.5,2,0,S1,10.0
6183,WA,male,1598,510,568,9,17443,6,42,514,557,25.8,1,2409,0,100.0
124787,TX,F,626,235,272,2,7918,22,68,246,258,15.0,0,0,S2,20.0
109644,FL,J,546,250,270,0,10078,8,27,258,262,12.07692308,1002,2509,T2,5.0
105650,KS,F,491,325,356,0,13143,0,74,342,334,4.333333333,0,1901,T2,10.0
45982,FL,F,607,285,362,1,12378,2,29,344,331,8.0,0,0,T2,15.0
14437,CO,M,844,350,393,0,13175,1,49,356,386,8.344827586,1,2705,S2,20.0
10399,NE,F,275,192,338,0,11164,0,89,252,286,10.0,2,0,R2,10.0
151828,CA,M,956,190,303,4,8899,27,44,278,257,9.666666667,1,2701,U4,10.0
162606,CA,F,2653,418,444,86,13440,31,50,417,448,12.5,0,4301,S2,9.0
141809,CA,F,788,71,155,0,6409,28,33,119,116,8.2,2,0,T3,8.0
178884,WA,male,1244,418,459,2,14816,10,46,423,450,15.0,2,5201,S2,15.0
178098,OR,F,407,186,271,0,9728,1,53,220,232,4.411764706,2,3103,R2,6.0
116082,TX,M,569,328,359,0,11879,6,63,336,342,7.333333333,1,3301,C2,10.0
190769,AR,M,855,257,374,6,14500,1,56,267,345,10.0,0,0,S2,10.0
177087,OR,M,619,372,423,0,13208,0,42,394,409,11.4,0,6401,C2,12.0
101654,MO,F,634,322,406,0,14128,1,64,378,355,15.33333333,0,4201,C2,18.0
62760,IN,M,397,297,362,0,11981,1,79,340,317,3.7,0,0,R2,5.0
135406,AZ,M,742,395,441,0,13179,2,36,399,421,11.0,1,4106,S2,25.0
142409,NV,M,607,356,431,1,13714,7,26,397,393,7.666666667,1,2201,R2,10.0
79627,WI,male,2083,264,493,52,19012,6,61,338,393,9.375,1,2408,S1,10.0
27310,GA,M,866,457,506,0,15079,1,63,458,501,10.0,1,2101,T2,15.0
122131,TX,F,831,597,629,0,18705,12,59,601,625,19.25,0,4601,S1,15.0
131169,CO,F,1782,537,749,35,28303,5,36,704,650,18.125,2,2612,C2,25.0
78009,WI,F,804,426,470,0,14328,2,89,445,454,20.0,0,0,T2,20.0
86445,ND,F,751,304,381,0,13051,1,64,340,338,8.625,0,4506,C1,15.0
162343,CA,M,5283,613,742,99,29050,30,50,696,674,10.63636364,0,4701,S1,20.0
35316,FL,F,845,289,436,1,16460,11,20,372,358,9.9375,28,2403,C2,14.0
148946,CA,F,1756,349,388,18,10285,48,38,355,384,13.0,0,0,U3,10.0
5524,AZ,Female,1084,365,462,2,17575,7,18,411,434,13.88888889,2,2301,T1,15.0
57593,KY,M,310,128,233,0,7656,0,84,171,199,5.736842105,1,0,R3,5.0
144339,CA,U,2941,677,819,83,28577,20,53,804,712,11.66666667,980,6601,U1,10.0
158355,CA,M,1857,484,531,17,13912,26,52,497,526,20.0,1,4801,U1,15.0
24311,NC,female,877,293,405,7,13707,1,63,336,362,10.22222222,28,0,R1,3.0
44009,FL,F,1086,384,502,12,17091,4,24,433,457,9.375,0,1103,S2,20.0
7059,SC,F,1015,478,533,0,17763,14,40,500,516,9.571428571,2,2007,S1,10.0
11399,CA,F,809,159,227,0,7074,30,52,191,209,4.585714286,2,1102,C1,8.0
50262,Tennessee,M,648,320,362,0,12611,0,86,325,352,5.866666667,1,4801,R2,10.0
40338,FL,F,902,410,461,4,15332,13,28,413,460,12.4,0,6901,S2,21.0
91101,IL,M,889,510,513,0,16731,0,86,518,517,16.4,0,4507,S2,25.0
130969,CO,F,1309,494,606,10,23951,3,38,528,572,7.1,2,301,C1,20.0
128122,TX,M,438,215,267,3,8729,1,68,264,240,6.125,0,0,T2,5.0
167149,CA,M,2961,664,708,95,23204,16,51,665,716,14.66666667,1,4501,U1,20.0
67742,MI,F,1101,515,624,18,19857,1,81,560,554,7.9,0,2309,T1,5.0
66303,MI,F,704,471,511,0,16111,22,66,494,481,3.727272727,0,1401,U2,2.0
86205,SD,F,527,275,340,0,10866,2,71,321,311,12.90909091,3,5007,T2,25.0
1899,CA,M,1519,346,429,14,14162,9,65,381,406,10.22222222,1,4801,S2,12.5
184690,AK,Male,778,473,568,0,20008,15,27,446,546,15.0,0,0,C2,20.0
7265,CA,F,1465,283,519,1,24555,16,25,341,369,10.70588235,0,0,0,10.0
159178,CA,M,2765,695,753,93,22508,10,54,709,733,8.833333333,1,0,C1,10.0
49812,AL,F,384,139,271,0,8615,0,66,203,212,3.659090909,2,3701,R3,3.0
33135,FL,F,754,351,435,1,14518,2,47,377,402,9.8125,0,3410,S3,10.0
23459,SC,F,689,313,350,0,12601,1,69,320,343,13.16666667,28,0,S2,25.0
186271,CA,M,3529,564,719,93,26107,9,56,648,633,19.85714286,1,2001,U1,40.0
55624,MS,female,403,197,365,2,19178,0,79,230,293,9.705882353,0,2311,T3,10.0
129912,CO,M,0,382,427,0,29436,7,17,411,407,13.33333333,1,0,U1,50.0
8657,WA,F,1734,353,430,29,15831,3,44,405,396,16.42857143,0,2107,S2,15.0
129174,AZ,U,850,309,409,3,14718,4,22,371,356,9.166666667,0,0,0,10.0
129453,CO,F,1174,460,603,9,21646,3,40,550,525,5.444444444,0,2801,T1,5.0
50027,Tennessee,F,776,312,397,1,12653,1,77,356,367,5.636363636,0,0,R2,40.0
85804,MN,M,267,208,256,0,8548,2,75,238,233,17.1,1,2501,R3,20.0
9742,OR,M,661,322,378,0,12749,7,56,346,356,9.238095238,0,4701,S2,14.0
1986,CA,F,1368,379,528,20,23121,7,56,416,487,5.551724138,2,2201,U1,5.0
26924,GA,M,1166,541,609,7,18462,1,49,577,589,23.75,1,2901,0,60.0
145480,CA,F,3326,528,603,97,20390,21,51,600,582,7.785714286,2,4201,U1,12.0
45824,FL,M,1385,404,545,19,21473,7,11,464,495,15.8,1,5704,S1,25.0
187417,AA,Male,0,0,0,0,0,0,0,0,0,10.66666667,1,0,U4,45.0
173094,CA,M,609,220,319,2,11902,4,57,238,297,9.166666667,0,2401,R3,15.0
182573,WA,male,634,266,372,1,12161,2,58,320,323,6.583333333,0,3504,R2,12.0
185815,FL,F,550,175,196,3,7958,29,20,188,191,5.25,0,2901,U3,7.0
86580,ND,F,263,198,295,0,10661,0,86,288,240,3.815789474,2,601,R2,5.0
113680,TX,M,331,219,301,0,9911,4,85,258,269,20.0,1002,5201,T3,30.0
179876,WA,F,1373,379,529,12,19190,6,53,539,445,7.75,0,2801,C3,10.0
52171,Tennessee,M,416,185,261,0,8507,0,80,221,229,4.25,1002,0,T2,5.0
2586,GA,M,916,338,480,0,19463,15,31,419,383,20.0,0,4201,S1,20.0
22499,SC,F,438,201,272,0,8303,0,84,257,242,15.61538462,0,3102,R3,10.0
186773,KY,F,722,267,399,0,14988,2,71,317,324,4.852941177,0,0,S2,8.0
90680,IL,F,2169,862,951,60,35357,2,69,911,899,12.61538462,0,4801,U1,24.0
123669,TX,,923,554,711,6,25962,4,55,584,661,9.230769231,0,608,T1,10.0
106850,NE,F,901,409,504,0,14154,5,21,472,459,15.0,28,6301,T1,23.0
172068,CA,M,1345,446,503,1,16265,17,49,488,477,11.94444444,1,4602,U1,20.0
109451,LA,F,608,383,402,0,10899,1,81,410,380,7.25,0,5801,R2,25.0
113891,OK,M,290,173,303,0,10700,2,72,228,244,8.538461539,0,5601,R2,11.0
148991,CA,F,3209,568,759,74,28817,10,47,728,648,19.4,28,4401,C1,25.0
63941,IN,F,700,379,446,2,13332,0,75,385,432,8.157894737,0,0,R2,10.0
48006,AL,F,486,237,315,3,10807,1,80,283,281,6.6,28,0,R2,5.0
170998,CA,F,621,250,307,0,10599,8,59,266,275,10.16666667,0,1401,R2,10.0
31959,FL,M,1548,572,736,35,40741,5,20,632,646,25.0,0,3401,T1,20.0
13805,CA,M,1315,304,409,17,15193,4,62,369,355,27.5,0,3201,R1,10.7
104170,MO,M,889,408,528,0,16268,2,64,483,468,3.72,2,1603,C1,5.0
28339,GA,F,2152,389,738,59,28753,4,42,634,501,11.1,0,0,C1,11.0
1920,NV,M,1032,305,454,15,18324,12,16,361,390,6.919354839,1002,1610,U3,10.0
88920,IL,F,1364,451,561,16,21988,9,62,468,518,25.0,0,5501,S1,25.0
45656,FL,M,566,218,272,0,11438,9,8,242,249,27.5,1002,4301,C3,27.0
175471,OR,F,813,239,411,5,16248,5,37,368,301,6.571428571,28,0,U2,5.0
108820,LA,M,465,198,292,1,8982,0,84,239,260,4.833333333,1,2301,R2,5.0
190619,MI,F,943,406,515,2,16625,1,85,502,453,3.518518519,2,1710,T2,3.0
13727,NE,F,675,284,308,0,18892,5,39,288,317,20.46153846,0,5807,T1,30.0
114909,TX,M,733,452,503,0,14468,17,50,453,496,9.0,93,0,T2,10.0
190410,NC,female,1070,310,435,21,16741,3,53,354,384,8.682926829,0,0,C2,9.0
166711,CA,F,675,344,589,0,23719,11,43,520,438,22.66666667,0,3508,S2,45.0
78669,WI,F,693,124,383,0,12596,6,82,389,223,4.5,28,1801,C3,6.0
35267,FL,M,895,334,460,11,19627,2,28,366,399,11.84615385,1002,1703,C2,17.0
14547,CA,F,1884,518,636,36,19818,4,65,580,542,16.0,0,5501,S1,20.0
136721,AZ,Female,891,427,449,1,14471,5,29,429,440,22.5,0,3401,U1,30.0
162026,CA,M,5965,1168,1089,99,68814,23,49,1261,1053,9.857142857,1,3501,S1,16.0
172359,CA,,566,208,253,0,6854,25,53,223,241,8.058823529,0,3503,C3,20.0
90727,IL,M,3671,1107,1108,93,37135,9,87,1158,1043,5.357142857,2,4610,S1,5.0
46560,FL,M,1930,462,648,49,31606,3,23,520,581,9.363636364,1,5801,T1,5.0
2321,CA,M,2170,412,500,60,16335,3,65,421,461,38.66666667,1,3101,S2,25.0
179262,WA,U,1801,533,630,35,19928,6,50,601,570,6.0,0,4701,S1,10.0
28890,GA,M,553,279,362,1,12145,1,87,307,324,8.0,0,4501,T2,15.0
143787,CA,F,2423,527,610,83,19438,17,49,561,578,21.66666667,3,0,U1,10.0
88735,IL,F,617,129,308,1,9955,16,45,322,200,5.88,3,2702,S2,10.0
89367,IL,M,1209,466,516,0,16254,6,70,467,517,3.21875,0,6707,S1,3.0
75703,IA,F,150,218,290,1,9942,0,85,252,244,5.833333333,2,4401,R3,6.0
19641,NC,female,562,373,388,0,10064,0,80,375,378,17.5,0,4401,S2,30.0
191531,CA,,1073,359,453,17,16918,14,47,392,432,9.0,4,3701,0,13.0
1092,CA,M,5817,931,1047,98,91576,16,22,1445,957,9.84375,0,2801,U1,15.0
69034,MI,M,895,465,551,0,16892,4,84,465,560,25.0,1,2001,C1,25.0
40919,FL,J,772,312,376,3,12012,3,58,338,349,7.166666667,0,1801,C2,10.0
64203,IN,M,404,256,363,0,13067,2,75,351,289,6.189189189,1,3610,C2,6.0
151995,CA,F,1881,413,507,36,25215,9,29,499,475,22.8,2,2212,S1,25.0
188284,NC,female,2989,289,470,66,21395,6,55,358,387,5.1,0,3801,C1,5.0
58147,KY,M,318,149,207,0,7827,0,90,163,192,4.409090909,1,4106,R3,5.0
51269,Tennessee,F,476,204,289,0,9524,1,78,254,250,5.086956522,0,4801,R3,5.0
113261,OK,M,466,222,306,0,13774,0,54,260,263,7.615384615,1002,0,C3,7.0
12785,IL,F,852,364,459,0,15238,7,87,393,408,7.933333333,28,1001,0,10.0
364,CA,F,3100,133,497,79,18262,35,25,488,306,13.52380952,28,3801,U1,10.0
163857,CA,M,3564,456,594,95,22726,22,47,534,518,20.0,1,0,U1,25.0
12312,CA,F,1398,150,272,7,8690,23,43,213,223,122.1666667,0,0,C3,95.0
95351,IL,F,818,473,558,3,21695,7,76,520,514,8.071785714,2,3804,T1,12.0
147464,CA,M,2287,600,652,74,24286,28,34,615,630,20.0,0,3301,S1,30.0
155388,CA,F,883,322,351,0,13596,3,58,351,344,12.5,0,3201,S2,20.0
90566,IL,F,1181,417,449,0,13716,2,69,424,444,8.428571429,0,5703,C2,15.0
186013,AL,F,554,296,391,4,12774,1,63,316,351,9.5,0,2002,T2,15.0
112406,AR,Female,490,229,310,0,10200,1,63,271,275,22.5,0,0,R2,25.0
14191,TX,M,520,157,266,0,9635,0,78,209,222,5.195652174,1,0,R2,5.0
95132,IL,F,512,269,357,1,12842,1,73,329,295,14.0,0,1601,R2,25.0
130926,CO,F,1175,517,599,8,18850,2,38,568,565,5.222222222,0,3001,T1,5.0
168535,CA,M,2103,333,368,58,9513,52,37,306,385,25.0,0,5401,U2,35.0
92749,IL,M,1578,531,617,11,17870,4,63,600,535,9.833333333,1,4201,S1,15.0
19129,NC,female,538,227,374,1,13593,0,78,288,299,11.33333333,0,4201,T2,5.0
114912,OK,F,622,306,345,0,10625,0,64,338,316,16.65384615,2,0,T2,25.0
164651,CA,F,2208,313,411,71,14497,25,46,334,393,11.5,0,3201,U2,5.0
94113,IL,F,698,164,293,26,10618,5,57,201,250,10.625,0,4711,U4,10.0
116453,TX,F,849,394,457,3,14757,2,70,422,430,15.0,0,7201,S1,15.0
72409,MI,F,318,296,299,0,11236,2,50,292,296,8.894736842,0,811,T3,10.0
190634,SC,,834,389,436,0,17338,6,42,398,423,8.0,0,1711,C1,20.0
128975,AA,Male,0,0,0,0,0,0,0,0,0,8.266666667,0,6007,S2,15.0
137039,AZ,Female,1568,493,633,23,22025,3,25,524,600,20.0,2,3601,T1,10.0
177927,OR,M,709,262,372,8,13486,3,44,304,339,11.25,0,2310,R2,15.0
122988,TX,F,735,418,553,0,16097,12,42,571,461,15.0,0,5601,C1,14.0
142765,CA,M,2578,338,430,71,11844,58,24,347,415,13.18181818,1,6601,U2,20.0
48506,AL,F,875,138,213,3,6125,0,89,213,188,11.45833333,2,0,R3,18.0
189666,OR,F,1373,518,655,23,26092,3,37,534,612,15.0,2,0,S1,15.0
159826,CA,F,1292,266,498,20,16678,17,66,355,436,10.76190476,2,2401,C2,5.0
181891,WA,U,759,263,287,1,8915,3,44,270,281,14.7,0,3401,T2,25.0
128162,TX,F,621,314,383,1,14581,2,73,315,378,7.0,3,2901,C1,8.0
107040,NE,M,613,259,402,0,17455,4,51,348,299,7.076923077,0,2701,C2,10.0
97596,IL,F,350,283,350,0,11446,0,83,333,286,10.0,0,5801,C3,15.0
12049,AR,M,326,125,213,0,8845,1,32,189,189,6.3,0,2812,R3,5.0
160334,CA,F,1724,455,539,31,20019,4,56,462,492,8.647058824,2,2001,C1,15.0
132522,WY,male,1188,102,269,33,12641,2,36,169,187,5.5,1,0,C2,7.0
190155,AZ,Female,641,278,322,0,13653,2,28,289,304,10.6,0,0,U3,15.0
151484,CA,M,2546,364,462,78,15100,43,37,389,444,7.764705882,1,6201,U1,14.0
6981,IL,F,397,287,374,0,12683,0,85,333,329,5.129032258,2,0,0,10.0
154055,CA,F,2953,247,384,87,16742,17,27,307,303,7.923076923,0,0,S1,10.0
122664,TX,F,745,275,325,3,10957,5,68,301,295,20.0,0,4501,T2,20.0
157275,CA,F,3454,470,665,94,34702,10,36,571,553,13.5625,0,2001,S1,10.0
149769,CA,F,2172,352,369,63,11235,47,34,344,413,22.75,2,3001,U2,46.0
90314,IL,F,1081,474,495,1,15312,5,71,484,489,7.941176471,2,3407,S1,7.0
175396,OR,F,409,220,297,0,10461,5,58,275,275,13.0,0,5312,U4,22.0
133949,UT,M,723,317,386,3,8903,1,76,340,360,6.094375,1,0,T2,6.0
164461,CA,M,2632,517,618,79,22438,22,39,572,571,6.6,0,5601,S1,8.0
119089,TX,M,1038,482,626,0,24816,0,61,535,580,8.1,0,2301,R2,11.0
61421,IN,F,666,341,417,0,13897,3,68,399,403,17.16666667,2,1807,C3,20.0
5546,FL,F,717,278,360,1,13366,5,14,315,316,9.444444444,2,1905,C2,10.0
183747,WA,F,902,374,505,8,20810,2,45,367,505,18.75,0,4701,R1,25.0
20802,NC,U,436,160,258,1,8631,1,89,206,214,15.0,0,2501,T2,25.0
107644,NE,M,422,268,376,0,13261,0,81,326,320,6.1875,1,2109,R2,7.0
139563,NM,M,1647,541,642,21,26255,9,22,599,611,7.388888889,0,0,S1,8.0
191134,KS,F,431,222,284,0,8886,13,61,261,264,5.805555556,0,0,T3,5.0
183043,WA,male,876,337,439,3,15017,4,37,353,403,20.0,0,3201,S2,25.0
165392,CA,M,1911,462,517,41,16099,16,54,486,489,15.0,1,0,S2,21.0
50684,Tennessee,F,467,203,332,2,11278,0,69,239,282,4.428571429,2,0,R2,2.0
126819,TX,M,867,312,420,10,15180,3,59,352,383,11.4,1,6201,R1,15.0
190412,CO,,1956,768,874,47,36868,3,34,803,842,18.0952381,2,610,S1,20.0
92085,IL,M,1102,271,588,6,22625,10,67,469,457,8.769230769,1,1909,C1,15.0
176825,OR,M,908,389,509,11,18876,3,47,421,442,5.022222222,1,1702,0,12.0
168259,CA,M,3365,725,771,97,25852,8,54,742,766,15.375,1,2106,U1,10.0
188801,FL,U,577,245,300,0,11975,10,10,257,279,8.642857143,0,0,C2,15.0
80960,WI,male,422,224,350,0,12611,0,77,274,282,4.772727273,2,2204,T2,5.0
130407,FL,F,533,176,242,1,12595,3,6,189,216,13.0,0,3101,S1,22.0
80335,WI,male,417,261,319,0,12051,1,90,309,262,5.9375,1,1101,C3,5.0
183793,WA,F,747,373,421,1,13628,2,53,380,409,10.0,0,0,C1,12.0
170229,CA,F,1493,229,320,20,10841,8,62,298,276,9.303030303,0,0,T2,11.0
86073,SD,M,216,211,299,0,9250,0,80,272,258,5.9375,0,3801,R2,10.0
114942,OK,F,325,305,303,0,10083,4,66,332,271,12.5,2,2201,T2,20.0
31239,GA,F,475,248,329,3,10549,0,76,263,307,9.666666667,0,0,R2,10.0
185937,CT,M,1392,279,401,17,14099,6,48,343,342,8.5,1,0,0,10.0
167799,CA,F,2291,353,440,68,13687,14,58,407,402,18.0,0,601,C2,20.0
23778,SC,F,1082,369,515,10,20355,2,43,454,432,13.0,0,1411,S1,100.0
66322,MI,M,1152,522,649,3,22796,6,58,563,585,7.333333333,1,1301,S2,10.0
177458,OR,,573,150,182,1,6572,1,23,166,159,9.888888889,0,0,R2,6.0
102222,MO,F,545,321,371,0,13748,4,64,353,336,8.619047619,0,3307,S2,10.0
158977,CA,M,1951,366,400,43,12255,35,33,385,369,4.619047619,0,2112,S2,5.0
127030,TX,F,517,223,398,0,17671,11,51,321,287,8.0,0,0,U1,10.0
151698,OR,M,388,186,220,0,9703,2,43,198,209,15.0,1,3201,T1,20.0
1054,CA,F,1161,197,350,7,12764,15,58,289,262,6.3,0,0,T2,8.0
178293,WA,F,1862,541,593,45,30096,15,36,548,575,8.583333333,2,0,S1,12.0
187082,NC,female,1055,288,396,3,13839,0,49,312,355,7.9,2,2001,R2,8.0
156034,CA,M,1873,394,481,39,19031,12,44,428,453,20.0,1,6001,T2,15.0
72048,MI,M,531,311,384,0,13152,1,85,342,351,8.083333333,1,6001,R2,10.0
104427,KS,F,857,340,510,1,17128,1,52,481,399,20.0,0,4601,R2,15.0
34448,FL,F,431,220,306,0,10129,2,63,259,281,25.0,2,1601,R2,10.0
10247,CA,F,1580,503,483,11,15111,8,55,490,515,9.0,0,3005,C1,10.0
158679,CA,M,2211,592,639,74,18973,4,61,584,625,12.36363636,1,0,S2,16.0
141742,NV,M,1167,497,575,6,22162,3,18,503,547,8.333333333,2,2801,T2,8.0
96679,IL,M,870,396,549,4,21366,4,64,510,456,6.428571429,0,5001,S1,5.0
151513,CA,F,2346,569,617,71,21982,13,42,568,644,6.923076923,0,2201,U1,15.0
2085,FL,M,852,426,485,1,14762,4,44,438,455,19.30769231,1,4412,C2,20.0
112532,AR,Female,472,225,336,1,13758,2,55,250,290,9.52173913,0,0,R2,11.0
164987,CA,M,4026,762,835,99,31860,7,56,787,794,11.71428571,0,5201,S1,12.0
142013,NV,F,1009,367,417,1,14199,3,40,391,393,23.0,0,4401,R2,23.0
185803,MN,M,887,533,652,0,16830,5,54,544,597,15.0,0,3808,0,20.0
130908,CO,F,477,265,359,0,11854,0,61,305,309,15.0,3,0,R2,25.0
121208,TX,F,5149,659,1013,86,72797,11,46,1122,807,9.961538462,0,6909,U1,13.0
96441,IL,M,915,524,592,1,18503,1,79,547,573,14.7,0,2409,T1,25.0
177190,OR,F,478,213,264,0,8810,1,51,243,230,7.25,28,0,C3,8.0
113502,OK,F,236,203,317,0,12434,0,75,250,285,5.875,2,601,C2,7.0
175016,OR,F,734,366,448,1,14179,4,51,427,398,8.333333333,2,0,T2,9.0
150644,CA,F,3304,567,669,82,21745,42,37,614,629,32.5,0,4801,U1,35.0
50003,Tennessee,F,591,194,237,0,8445,7,16,200,233,7.619047619,2,2706,T2,10.0
106896,NE,F,643,300,472,1,15003,1,65,384,396,6.25,0,2401,S2,5.0
14898,KS,M,3939,1144,1068,94,79386,3,18,1344,1036,9.857142857,1,1408,S1,15.0
139463,NM,F,690,328,370,0,12881,6,50,361,340,6.8,28,4901,U2,9.0
12900,WA,F,1351,430,538,7,18642,12,45,526,466,7.333333333,0,0,S1,5.0
60897,IN,F,496,345,378,0,12641,3,64,373,337,3.222222222,0,0,S2,5.0
5180,OR,F,469,285,311,0,11456,1,57,300,288,9.393939394,2,1901,S2,13.0
137835,AZ,Female,560,191,317,0,10191,4,42,202,274,13.66666667,28,0,T2,11.0
2867,OK,F,476,200,296,0,9379,1,76,235,277,11.25,0,0,R2,13.0
150025,CA,F,1577,364,440,18,12819,18,56,377,422,6.352941177,0,2005,S2,3.0
111045,AR,,428,208,276,1,10201,0,76,227,251,10.35714286,0,1812,R2,10.0
3109,IL,M,1002,434,597,2,21023,8,54,566,495,21.27027027,0,3408,C1,25.0
45134,FL,M,736,235,351,0,14532,12,11,288,291,12.66666667,1,1312,C2,12.0
85396,MN,F,784,389,491,3,15497,0,84,436,450,5.875,0,6301,T1,9.0
164246,CA,F,2982,609,713,83,21687,13,54,660,635,7.235294118,2,5001,U1,15.0
49109,AL,,394,248,313,0,10581,0,81,281,272,5.285714286,0,0,R2,6.0
127346,PA,F,2189,656,723,63,22182,3,61,664,711,15.0,0,5001,S1,10.0
54123,Tennessee,F,452,193,270,0,9283,0,79,256,230,5.0,0,0,T2,5.0
125999,TX,F,281,138,193,0,5843,8,89,158,173,9.409090909,2,5701,T3,20.0
130989,CO,M,1175,517,599,8,18850,2,38,568,565,5.666666667,1,0,T1,25.0
62721,IN,U,413,283,372,0,12509,0,79,324,320,6.4,1,0,R2,6.0
104177,MO,F,985,492,680,2,24807,1,60,568,595,6.428571429,0,4201,S1,15.0
70217,MI,F,320,226,324,0,10003,1,80,310,282,5.2,28,5201,S3,10.0
160394,CA,F,882,406,444,0,12842,3,69,431,419,6.052631579,0,1001,S2,8.0
134115,AP,Male,0,0,0,0,0,0,0,0,0,11.45454546,1002,5706,T2,20.0
175602,OR,F,217,97,149,0,4914,1,40,163,129,3.425925926,2,2301,U4,3.0
88489,IL,F,1833,594,706,37,21653,17,46,642,668,17.0,0,3011,S1,25.0
139664,NM,F,952,474,482,3,17141,2,37,478,467,14.58823529,28,4408,S1,16.0
9947,CO,M,793,429,458,0,12976,1,66,454,447,6.615384615,1,2001,S2,10.0
168368,CA,M,3256,538,628,90,21944,19,43,603,624,14.28571429,0,4406,S1,10.0
166927,CA,M,2763,465,626,83,22975,13,49,571,530,20.0,1002,2908,S1,20.0
189723,CO,F,952,358,461,1,16123,3,37,432,423,26.66666667,0,0,S1,10.0
156559,CA,M,2158,576,651,62,20066,11,51,617,604,9.857142857,1,4601,S1,12.0
64683,MI,F,477,328,446,0,15065,6,75,431,386,15.0,28,5001,U3,10.0
164697,CA,F,2235,441,478,66,15262,14,55,459,449,5.6,28,1701,S2,20.0
111918,AR,Female,427,250,356,0,14425,0,77,286,296,7.076923077,0,3201,T2,5.0
89816,IL,M,2000,760,759,50,22531,2,72,773,727,35.0,0,4707,S1,25.0
161115,CA,U,728,180,286,0,11426,0,54,241,214,8.625,2,0,C2,10.0
165753,CA,M,1345,372,437,2,17201,12,56,436,407,15.0,0,2801,S2,15.0
117411,TX,F,904,117,382,0,10892,24,46,374,185,13.80555556,0,2009,S1,20.0
112750,OK,F,428,267,347,0,11716,2,72,306,315,12.75,0,5801,S1,20.0
134852,UT,M,735,289,358,2,9048,2,86,343,334,50.0,1,4901,R2,50.0
69506,MI,F,921,451,534,7,17564,2,86,466,512,13.0,0,2005,S2,15.0
94920,IL,F,1349,411,488,10,18814,30,54,428,465,21.16666667,0,4105,U1,15.0
186699,WI,F,338,149,218,0,5317,0,62,145,214,9.6875,2,0,U4,20.0
99276,MO,F,2941,654,879,71,33387,5,47,843,729,13.55555556,2,5801,S1,15.0
84582,MN,F,973,468,542,0,17726,6,61,514,506,11.4,2,3512,C1,25.0
132339,CO,M,779,260,328,3,16604,2,67,258,318,8.888888889,0,3001,R2,11.0
12011,CA,M,3514,691,795,98,28298,10,40,728,763,8.352941177,1,2801,C3,11.0
117673,TX,M,762,439,518,1,16107,4,67,475,481,9.727272727,1,3801,T2,15.0
186170,TX,M,591,292,377,0,12912,0,88,339,333,13.38888889,1,1801,R2,17.0
150186,CA,F,2166,427,559,68,15653,15,54,515,471,14.33333333,28,0,S2,10.0
3638,MI,F,951,411,623,1,20137,7,68,548,483,12.2,0,0,0,15.0
160633,CA,F,945,275,347,2,12089,4,65,324,317,13.33333333,0,4201,R2,25.0
161514,CA,F,1408,390,508,16,17886,13,59,469,432,3.285714286,0,1001,S1,5.0
110539,LA,M,554,241,316,0,9759,0,86,281,288,10.375,2,4702,R2,20.0
77379,WI,,789,415,472,0,16332,0,88,427,465,17.5,0,0,T2,20.0
176881,OR,F,415,205,251,0,8605,2,49,221,239,5.428571429,2,3001,T2,5.0
115833,TX,M,818,385,485,0,18461,3,60,453,451,4.692307692,1,3106,U2,5.0
65421,MI,F,727,418,481,0,15227,4,85,466,425,14.2,2,6301,S2,15.0
132157,CO,F,1070,271,394,2,13186,3,36,388,330,13.57142857,0,4201,T2,25.0
36576,FL,,1342,472,607,7,23348,28,30,543,551,4.520833333,0,0,S1,5.0
157739,CA,M,2278,370,508,66,18777,15,49,424,462,9.625,1,2705,S1,14.0
157660,CA,F,5811,1040,1078,99,61440,7,47,1179,966,16.5,0,3201,C1,20.0
34681,FL,F,1145,498,561,14,21059,9,27,516,536,12.22222222,0,6108,S1,21.0
72139,MI,F,486,293,343,0,10516,1,89,309,324,8.294117647,0,3811,R2,10.0
47525,AL,Male,349,161,231,0,6934,0,95,192,195,14.0,1,3601,C3,20.0
51467,Tennessee,F,359,162,236,2,8321,1,61,189,211,8.6,0,0,C3,11.0
34800,FL,F,756,305,354,0,12909,7,12,321,333,13.46153846,28,2801,C2,10.0
186809,CA,F,2443,423,580,72,21089,5,51,502,506,12.5,2,3201,S1,15.0
3118,NM,F,871,383,386,0,15366,5,37,403,380,13.66666667,28,6201,S1,10.0
120972,TX,F,280,164,233,0,4967,43,49,213,208,8.731153846,0,2606,U4,7.0
53853,Tennessee,F,186,77,130,0,4365,1,78,91,119,6.25,0,0,T3,8.0
2320,KS,F,634,336,421,0,14507,0,68,403,332,3.838709677,0,8103,S2,6.0
154799,CA,M,1314,363,398,12,12406,6,60,379,376,17.5,1,0,R2,50.0
102521,MO,M,695,350,439,4,12831,0,61,482,395,12.5,1,4401,R2,5.0
30029,GA,F,646,279,452,2,18434,0,83,359,371,7.703703704,0,3001,T1,14.0
148883,CA,M,2252,595,658,68,20460,7,57,608,645,15.0,1,4701,T1,21.0
177837,OR,M,597,214,280,8,10247,1,41,239,252,57.5,0,0,0,100.0
140377,NM,F,657,264,332,1,11148,2,53,290,308,10.61538462,0,3801,T2,15.0
139363,NM,M,782,222,453,1,20867,11,30,294,307,13.0,0,5501,C1,12.0
148131,CA,F,3992,801,858,96,29156,15,46,821,839,10.0,0,5601,C1,20.0
175902,OR,F,807,351,420,0,16532,7,51,388,377,9.071428571,2,0,C2,15.0
148030,CA,F,1875,226,622,33,23383,30,22,575,343,6.083333333,3,0,U2,10.0
54003,Tennessee,U,486,247,393,2,15388,0,84,273,346,13.66666667,0,3509,T2,15.0
163412,CA,F,2841,426,512,87,15278,55,35,460,476,20.0,0,0,U1,20.0
134325,UT,M,542,171,237,0,10735,17,41,172,228,4.4,1,0,C2,5.0
21135,NC,M,694,251,343,7,12282,1,73,291,296,7.235294118,14,0,R2,5.0
133948,CA,,2170,397,542,60,22655,10,30,468,473,10.8,0,1603,T2,13.0
129945,CO,F,755,163,335,4,15510,9,31,233,230,7.0,0,0,C3,7.0
12832,AR,Female,662,292,377,1,12252,1,74,347,337,10.4,0,2301,T2,10.0
74706,MI,M,350,147,348,0,12182,3,77,352,224,15.0,1,5101,T2,25.0
7649,Tennessee,F,1318,388,652,26,27280,5,45,524,466,10.04545455,2,0,S1,13.0
45878,FL,F,800,168,274,0,9970,9,26,227,225,7.666666667,28,0,C3,5.0
68650,MI,F,1186,496,571,0,20563,10,67,537,513,7.6,0,5712,S1,15.0
60859,IN,F,1026,514,628,8,20949,6,57,547,579,5.2,2,4612,S1,10.0
73030,MI,M,821,403,500,1,15040,1,89,417,474,11.66666667,1,4601,T2,25.0
181972,WA,F,646,357,377,0,13882,4,60,365,354,12.0,0,5210,U2,10.0
14598,NC,M,510,261,401,1,10743,0,58,413,303,20.16666667,1,1401,T2,50.0
92052,IL,M,587,313,384,0,15084,11,62,343,349,5.55,1,1311,C3,10.0
15086,NC,female,595,289,381,0,13060,0,85,346,330,14.18181818,0,0,R2,10.0
92058,NE,F,1010,547,618,8,18137,1,57,554,611,15.0,0,0,S1,15.0
18104,NC,M,915,327,512,3,17723,3,64,461,387,10.54545455,0,5406,C1,12.0
91942,IL,M,868,357,397,0,13378,1,85,382,382,3.592592593,2,2308,S2,3.0
103926,MO,M,472,157,225,1,8974,2,62,167,203,6.208333333,1,804,R2,5.0
149033,CA,F,3514,691,795,98,28298,10,40,728,763,7.333333333,0,2801,C3,7.0
52196,Tennessee,M,504,338,396,0,16375,1,60,363,372,10.0,1,5001,T2,10.0
38519,FL,F,1098,342,544,3,23740,22,20,455,428,3.117647059,0,4601,S1,2.0
107413,NE,F,396,259,319,0,10244,0,45,290,288,9.428571429,2,0,R2,14.0
6099,CA,M,1733,410,442,40,13449,10,53,441,412,8.96875,0,5501,T2,10.0
95879,IL,F,363,242,297,0,11607,2,69,244,302,23.0,28,4306,T3,30.0
16175,NC,female,444,265,357,1,12189,0,89,282,322,25.0,0,2801,R3,30.0
43564,FL,M,1165,373,410,9,15522,0,38,363,410,20.0,1,4501,C2,20.0
64906,MI,F,640,319,424,0,16559,5,80,391,372,25.0,0,3701,S2,50.0
149110,CA,M,3994,522,734,99,24150,16,32,627,609,7.076923077,0,0,C1,6.0
24663,SC,F,381,284,381,4,11085,0,81,354,319,10.07142857,0,3311,T2,16.0
85922,SD,F,432,311,364,0,11095,6,78,319,323,10.76470588,0,4001,T2,10.0
84276,MN,F,570,280,360,2,11330,1,82,314,325,5.340909091,2,4311,R2,3.0
154611,CA,F,1099,366,404,3,13229,5,57,363,391,4.833333333,28,2101,T2,5.0
55293,MS,female,444,136,235,2,11820,0,95,143,218,20.0,28,0,C3,25.0
188812,MI,M,1076,438,535,2,17353,10,69,552,425,17.33333333,0,1901,S1,20.0
149506,CA,M,5164,650,842,97,50548,20,41,715,782,8.416666667,1,4605,S1,10.0
190727,FL,F,655,236,331,1,11094,8,17,264,311,6.933333333,2,1709,0,11.0
150248,CA,M,2182,555,569,67,17516,13,57,561,559,19.0,28,0,S2,25.0
177009,OR,,584,262,386,0,13898,1,52,332,346,7.421052632,0,0,R2,5.0
89642,IL,F,854,452,580,2,20510,4,73,478,498,8.666666667,0,0,C1,15.0
103913,MO,F,297,146,196,0,8352,0,61,175,178,9.214285714,0,5406,R3,11.0
76780,IA,F,688,408,510,1,17000,2,64,484,437,33.0,2,1601,T1,75.0
41901,MI,M,380,329,394,0,12349,1,77,355,340,26.44444444,1,5601,U3,100.0
137998,AZ,Female,547,251,306,0,10393,6,44,292,283,17.09090909,0,4701,S2,20.0
79136,WI,male,336,301,357,0,10835,1,74,316,326,8.083333333,1,2401,C3,10.0
46110,VT,male,876,281,353,2,11807,3,39,297,325,3.731707317,2,0,0,4.0
97774,IL,F,470,263,330,0,10776,1,68,297,296,17.88888889,0,5201,T2,25.0
103590,MO,M,397,203,284,0,9609,1,79,244,246,15.0,39002,0,R3,15.0
181998,WA,,1222,423,487,13,19730,10,25,492,472,6.272727273,0,6201,S2,20.0
10036,WA,male,1489,413,477,14,16434,2,66,397,481,25.0,2,2503,S1,25.0
175584,OR,M,454,283,448,0,14140,4,57,313,359,11.2,1,2505,S2,15.0
41905,FL,F,469,133,302,0,10321,1,27,200,218,6.6,0,0,U4,15.0
156449,CA,F,3261,364,523,94,19895,2,69,430,482,8.25,28,3601,U1,20.0
131465,CO,F,1113,393,493,2,18227,4,28,505,428,12.33333333,0,5401,T1,15.0
170889,CA,F,1254,420,438,1,15376,3,60,411,455,4.285714286,0,0,U2,7.0
103593,MO,F,397,203,284,0,9609,1,79,244,246,8.5,0,1505,R3,10.0
86017,SD,M,595,332,389,0,18324,3,63,347,368,7.125,1,702,C2,10.0
92891,IL,F,521,216,292,0,9845,13,80,243,260,5.266666667,0,2601,U4,5.0
143691,CA,F,4093,585,776,92,32301,7,44,697,685,15.25,0,3001,U1,15.0
44500,FL,F,686,169,253,3,9678,1,36,182,226,7.59375,0,4503,R2,5.0
7301,SD,M,284,222,309,0,9798,1,64,271,274,9.117647059,1,1801,0,10.0
8742,CO,,591,211,292,0,10661,10,62,246,249,2.944444444,2,2011,C3,3.0
42589,FL,F,822,318,488,13,17908,2,32,354,420,9.75,0,2809,C2,15.0
125086,TX,F,365,147,251,0,6802,9,86,218,215,5.538461539,2,4601,U4,6.0
82998,MN,F,833,381,416,0,13716,3,78,414,396,9.142857143,0,5510,S2,25.0
82548,MN,M,634,251,320,0,10092,2,82,271,296,5.25,0,3801,U3,10.0
190488,MO,F,1182,359,453,2,18266,3,43,430,386,19.43243243,0,4901,T1,25.0
54996,MS,M,336,196,251,0,8008,1,87,222,229,8.230769231,2,2812,R3,10.0
185880,IN,M,450,330,372,0,13149,1,68,344,357,10.125,1,1801,S3,13.0
119843,TX,F,417,185,253,0,10294,3,77,208,217,14.28571429,0,1209,R2,20.0
142564,CA,M,1943,426,523,45,16702,3,48,444,439,10.33333333,1,2401,U2,38.0
164796,CA,,3692,783,864,97,32609,14,38,826,827,7.2,0,3607,S2,12.0
171072,CA,F,1033,246,267,1,11090,3,50,256,260,12.625,28,0,U3,10.0
101143,MO,F,720,335,386,1,13406,0,75,390,341,4.4,0,2801,R2,10.0
171612,CA,F,1537,495,544,19,17689,13,58,509,528,8.375,0,3712,S1,20.0
85619,MN,F,435,181,265,0,9026,1,76,232,225,8.0,0,3803,R2,5.0
118905,TX,M,1362,724,724,1,23403,19,28,754,714,6.5625,0,4310,C1,10.0
793,CA,F,1568,328,451,15,17761,12,49,406,375,10.19047619,0,1006,S2,15.0
52547,Tennessee,M,309,147,217,0,6852,0,85,174,191,4.454545455,1,4001,R2,5.0
162313,CA,F,5975,1500,1331,99,90600,20,36,1500,1311,22.2,1,6201,S1,25.0
4320,AL,F,738,332,438,2,16613,1,67,379,387,11.0,2,801,T2,15.0
36690,FL,F,1631,682,831,25,26585,13,25,649,820,10.0,0,0,S1,3.0
158213,TX,M,1217,620,692,0,23408,2,37,654,655,4.555555556,0,0,U1,5.0
75522,IA,M,600,379,399,0,13988,1,74,417,376,6.333333333,2,0,C2,10.0
7346,CA,F,1936,353,409,44,9361,21,43,360,407,10.72727273,2,0,U2,15.0
718,CA,F,1215,296,373,9,12319,4,56,319,352,22.5625,2,2201,C2,35.0
171677,CA,,1375,92,203,0,12453,7,39,279,125,14.25,0,0,U4,25.0
96344,IL,F,293,219,270,0,10914,0,92,228,258,6.157894737,2,0,T3,10.0
178742,WA,F,1053,298,366,2,17021,5,37,343,319,10.71428571,2,1201,S2,10.0
22989,SC,F,596,301,344,0,10405,3,53,296,343,11.4,2,3101,T2,11.0
184644,AK,Male,1594,215,663,7,34426,7,26,526,330,25.0,0,2601,T3,20.0
7676,MT,female,466,244,307,0,10532,2,57,280,280,13.7826087,0,0,R2,35.0
83983,MN,M,866,375,573,4,24617,6,64,423,483,14.5,0,2305,S1,15.0
99567,MO,F,734,419,481,0,16029,3,71,470,452,11.25,0,3101,S2,15.0
141652,NV,F,997,416,422,0,14118,4,19,420,416,11.22222222,0,3801,S2,13.0
182325,WA,male,683,199,341,1,13282,5,40,278,245,9.0,0,0,C2,10.0
44370,FL,F,1226,354,464,10,21501,4,4,416,410,4.444444444,28,1502,C2,5.0
48338,AL,Male,511,288,351,1,11357,0,85,327,312,25.0,0,4301,T2,25.0
97077,IL,F,820,454,595,6,24703,5,67,476,555,9.5,0,2807,C1,12.0
160975,CO,M,1209,471,557,7,18220,4,24,496,524,12.5,0,0,T2,15.0
114828,OK,U,440,215,320,4,12060,1,59,254,278,3.14893617,2,0,R2,4.0
182181,WA,male,940,335,471,6,17478,6,50,408,404,16.0,0,6201,S1,20.0
75481,IA,M,363,250,390,0,13053,0,89,269,360,5.863636364,1,2901,R2,8.0
13566,IL,M,1493,346,475,12,16740,25,67,399,416,10.75,0,0,U2,13.0
187612,AZ,M,881,305,403,0,15128,5,28,379,348,13.4,1,0,S1,15.0
143529,CA,F,1310,327,399,5,11859,14,50,316,411,20.0,0,201,U3,25.0
152376,CA,F,2959,404,536,76,19718,15,31,434,500,9.444444444,0,0,S2,10.0
22150,NC,female,639,228,333,2,12224,1,77,269,289,3.8,0,4401,T3,5.0
120559,TX,M,379,179,278,0,8879,3,79,236,230,10.5,0,3601,T2,12.0
148213,CA,M,2776,651,717,94,19603,28,40,667,715,12.5,2,2901,S1,14.0
180787,WA,male,1113,206,271,7,11015,2,64,213,252,20.0,1002,6001,T2,20.0
118847,TX,F,583,224,262,11,11542,12,44,220,253,11.25,0,4010,C1,25.0
28713,GA,F,3306,1090,1065,96,34893,4,29,1109,1060,15.1,2,4801,S1,21.0
29777,GA,F,724,380,465,0,19961,4,62,443,424,10.66666667,0,2601,C1,10.0
42499,FL,M,680,181,421,5,19962,5,42,277,328,6.666666667,0,2901,R2,10.0
38987,FL,F,1314,339,493,17,19845,12,20,453,413,11.19047619,2,2611,S2,13.0
130936,CO,M,684,190,251,0,11141,4,41,218,225,12.33333333,1,1512,C3,15.0
21463,NC,female,499,260,324,0,10632,0,89,289,291,9.25,0,6201,T2,11.0
154531,CA,F,724,158,277,4,11223,10,38,213,226,5.057142857,0,2010,T2,5.0
165033,CA,M,3207,705,754,92,26498,20,43,763,708,16.25,1,5501,T1,10.0
12171,WA,F,659,272,347,0,11918,13,56,303,309,5.55,2,1301,S2,5.0
186462,NC,female,654,350,362,0,11564,0,83,377,333,4.285714286,2,1603,T2,8.0
70312,MI,F,549,367,430,0,12991,2,91,414,385,5.333333333,2,5901,T2,5.0
27267,GA,F,1094,412,604,27,23020,5,56,502,531,7.875,0,5801,T1,10.0
7048,CA,M,3431,549,664,86,20683,20,51,626,610,9.941176471,1002,3301,S1,15.0
144631,CA,F,2339,416,454,75,14849,27,47,416,442,12.85714286,0,6203,U2,25.0
134677,UT,,684,345,420,2,9317,1,74,359,397,5.0,28,0,T2,5.0
149792,CA,A,1949,288,374,44,16663,41,30,334,384,36.8,1,2401,0,100.0
169813,CA,F,3247,653,732,94,24693,5,63,666,722,11.0,0,5204,S1,15.0
135152,AZ,Female,850,270,347,2,14275,13,30,311,292,15.0,2,6801,S2,15.0
52593,Tennessee,F,524,244,300,0,10213,0,75,279,271,11.66666667,2,3801,R2,22.0
64161,IN,M,588,284,387,0,12127,0,84,353,360,9.5,1,2801,R2,11.0
116738,TX,F,956,422,516,5,17136,2,72,469,476,9.75,0,6101,T2,14.0
56831,KY,M,1368,723,779,4,27195,4,58,741,759,9.166666667,2,6701,S1,15.0
139107,AZ,Female,830,250,296,18,10544,2,12,260,278,52.0,0,3407,T3,50.0
28681,GA,M,896,441,569,5,17474,1,74,512,505,9.8,1,4612,T1,35.0
125446,TX,F,380,277,349,0,10379,5,84,293,325,9.884615385,2,3801,S3,10.0
95151,IL,F,302,202,304,0,9358,1,76,283,245,7.666666667,0,4601,R3,7.0
132394,CO,F,467,189,269,0,9668,1,44,231,237,7.0,2,1001,R2,11.0
151702,CA,F,2145,474,554,56,18340,11,55,492,522,11.57142857,0,4305,T1,15.0
65668,MI,F,404,180,257,0,8761,1,85,212,231,8.4,2,0,R3,10.0
167357,CA,M,2429,315,456,81,18050,9,50,413,375,8.75,1,5501,S1,12.0
117552,TX,F,2650,853,987,66,41814,7,38,965,870,13.75,0,4403,S1,20.0
75341,IA,F,595,362,560,1,18202,0,70,436,437,7.0,28,1403,T1,15.0
36774,FL,M,902,435,508,0,16699,21,32,465,481,10.0,1,4401,S1,21.0
139074,AZ,M,684,196,271,2,10133,3,13,222,247,12.2,1,2103,R2,20.0
58086,KY,F,240,99,191,0,6133,0,92,156,153,3.260869565,0,4401,R3,4.0
37637,FL,F,1305,511,705,14,35196,31,33,650,605,7.583333333,28,4906,C1,10.0
73625,MI,F,0,0,0,0,0,0,0,0,0,8.777777778,0,5806,U4,10.0
77845,WI,F,1117,448,500,5,17807,4,63,478,467,12.5,0,6101,T2,15.0
6615,FL,F,1701,355,615,39,25527,29,30,493,486,10.68421053,0,0,S1,11.0
35504,FL,F,834,343,379,0,16348,8,26,368,369,14.0,0,4901,S2,15.0
131845,CO,F,881,363,469,3,15179,5,29,412,428,9.0,2,4601,S3,15.0
189902,CA,F,1553,215,318,16,8322,55,34,238,295,5.863636364,0,4607,U4,6.0
34836,FL,F,705,204,300,6,12915,3,11,241,251,15.4,0,0,C2,15.0
123909,TX,M,529,413,473,0,13711,4,77,431,434,4.652173913,2,3211,C2,5.0
188913,AZ,Female,838,371,543,0,16220,4,25,469,465,13.73913044,0,0,S2,20.0
96426,IL,M,720,420,487,2,15469,1,84,448,452,7.923076923,2,5810,T2,10.0
23022,SC,M,777,297,563,4,24342,5,43,424,353,13.16666667,0,4604,S1,15.0
144099,CA,F,5000,462,766,99,39964,31,25,643,612,15.5,28,5801,U1,17.0
186965,KS,F,271,202,289,0,9865,0,61,236,242,9.866666667,0,3104,R3,13.0
106161,KS,F,172,187,278,0,9821,0,84,252,229,4.965517241,0,3203,R3,4.0
166742,CA,F,4705,839,930,98,41201,14,47,858,904,9.636363636,0,3610,C1,12.0
132145,CO,M,589,200,298,1,11309,1,50,239,266,6.142857143,0,0,R2,10.0
166485,CA,M,1823,271,412,39,15867,10,41,366,344,20.83333333,1,4406,U1,45.0
89209,IL,M,1003,483,464,3,14992,3,64,484,481,6.25,1,4703,S2,6.0
167165,CA,F,2600,345,503,85,18743,10,49,435,424,11.0,0,3501,U1,16.0
162169,CA,M,3451,599,691,96,22424,15,54,636,645,15.0,2,0,T1,20.0
31183,GA,M,621,254,387,1,13234,2,82,374,315,9.6,0,4301,T2,18.0
86340,SD,M,365,255,340,0,11180,1,77,309,287,6.933333333,2,0,R2,3.0
45584,TX,F,1861,349,641,40,25565,6,50,507,529,16.25,28,4706,S2,25.0
131106,CO,M,678,261,347,1,11625,2,44,292,303,13.33333333,0,0,T2,40.0
29105,GA,M,710,198,298,5,11679,1,63,242,260,6.296296296,0,0,R2,11.0
123667,TX,F,1287,534,632,11,31394,1,64,553,604,17.125,28,4301,T1,15.0
164188,CA,F,1525,466,551,17,17484,12,65,483,522,9.6,0,6201,T1,14.0
37528,FL,F,829,226,299,0,10281,79,14,244,270,6.833333333,0,0,U3,10.0
159417,CA,F,2574,305,348,82,11908,30,48,308,338,13.71428571,0,5912,S1,25.0
181382,WA,male,879,422,445,3,13128,4,50,422,445,8.0,2,0,R2,12.0
159358,CA,M,3950,414,634,96,24339,13,43,505,517,8.043478261,2,2201,S1,10.0
159550,CA,M,838,174,304,4,11984,3,44,221,251,11.2,1,5801,R2,10.0
167396,CA,M,4764,784,844,96,33464,9,53,791,829,20.0,0,0,S1,20.0
101673,MO,F,1162,529,612,7,18860,4,60,560,571,10.83333333,0,5702,C1,20.0
132767,WY,male,828,409,463,2,14309,1,43,426,419,11.66666667,1,2001,C1,15.0
178334,WA,J,1338,418,460,1,15772,7,44,449,419,9.166666667,0,2701,S2,11.0
109778,LA,M,944,413,571,12,22847,0,75,459,559,8.833333333,2,1801,C1,10.0
108176,LA,M,1060,559,655,1,21036,3,62,572,637,7.866666667,2,5611,T1,10.0
24949,SC,M,482,273,326,0,10431,0,80,305,286,10.7,0,4601,R2,16.0
12122,CA,F,2051,417,453,54,12747,23,58,416,454,23.125,2,5904,S2,12.0
171014,CA,M,1264,403,457,15,12093,8,60,427,424,25.0,1,4801,R2,25.0
152822,CA,F,1714,411,537,10,18267,8,53,467,501,10.0,0,6601,S2,20.0
150730,CA,F,1502,317,413,4,16754,9,47,352,389,11.66666667,28,4201,S2,2.0
65189,MI,M,450,292,373,0,12203,2,93,361,329,9.5,2,2409,S2,13.0
136990,AZ,M,1074,469,516,11,18042,2,34,472,510,6.12,0,5401,T1,8.0
148143,CA,F,3992,801,858,96,29156,15,46,821,839,6.666666667,0,0,C1,20.0
54762,MS,M,429,201,288,0,9672,0,86,257,243,7.333333333,0,1403,R2,16.0
107379,NE,F,493,215,321,0,9071,3,74,297,238,5.206896552,2,0,T2,5.0
132316,CO,M,814,343,472,2,17392,3,50,430,421,4.206896552,2,3711,T1,10.0
24277,SC,F,832,253,356,13,13519,3,34,289,312,12.28571429,2,0,T2,40.0
87217,MT,M,350,163,260,0,8402,1,76,203,221,12.6,0,2601,R2,20.0
113882,OK,M,260,159,253,0,9167,1,65,176,226,5.956521739,1,2601,T3,5.0
8912,OR,F,749,316,412,0,15051,4,56,339,378,16.85714286,0,4001,S2,20.0
28406,GA,M,4220,982,1114,94,68148,8,40,1311,954,12.0,0,3401,S1,19.0
70069,MI,F,330,179,235,0,8746,1,59,179,234,10.30769231,2,2603,C3,11.0
1102,MN,M,882,380,484,1,18642,2,78,430,431,11.33333333,1,1110,0,11.0
141888,NV,M,2030,458,588,51,22685,11,22,515,531,5.074074074,0,2807,T1,5.0
183412,WA,,383,178,228,0,7456,6,72,190,227,23.66666667,0,0,R2,50.0
128599,TX,M,441,318,327,0,13514,1,75,320,319,8.2,1,4701,C2,8.0
53496,Tennessee,F,625,375,413,0,14065,0,66,379,395,12.57142857,28,5009,S2,20.0
28381,GA,M,1602,309,565,24,19258,9,33,477,429,7.875,1,0,S1,15.0
6292,IL,F,1079,441,536,3,19972,4,72,452,502,13.24,0,1601,S1,20.0
21644,NC,female,543,253,354,1,12614,1,83,314,300,7.5,2,4001,T2,8.0
181075,WA,male,1464,480,544,19,18525,7,55,474,513,7.0,0,2101,T1,10.0
172863,CA,M,981,379,415,8,13631,2,69,383,396,6.5,1,2901,T2,9.0
97691,IL,J,879,464,493,0,15730,4,36,485,463,9.666666667,1002,3001,C1,16.0
115166,OK,F,683,371,484,2,17476,1,59,436,422,6.571428571,0,0,T1,5.0
88572,IL,F,1897,406,664,44,26951,15,67,519,476,15.0,0,2801,U1,15.0
122823,TX,F,1020,523,608,1,19432,6,50,544,586,21.25,0,0,T1,35.0
159180,CA,M,2221,540,570,73,16639,17,44,562,569,8.571428571,2,5201,C1,10.0
140171,NM,M,659,240,326,0,11242,10,63,280,303,9.5,1,2304,T2,15.0
74436,MI,M,429,179,316,0,11722,1,93,282,239,16.0,1002,5701,R3,37.0
92963,IL,M,900,437,1093,0,64360,17,42,1151,643,20.0,2,0,U1,20.0
170907,CA,F,2225,625,674,70,24493,8,55,632,662,10.0,0,6001,S1,15.0
93894,IL,F,540,310,399,0,11230,29,58,332,361,5.4375,2,1501,U3,11.0
133144,ID,M,274,170,232,0,9658,1,50,186,203,15.66666667,1,3001,R3,10.0
71347,MI,F,638,402,437,0,13264,0,91,418,418,4.636363636,2,5101,R2,4.0
67595,MI,F,157,107,213,0,5912,1,70,150,185,13.33333333,0,3508,U4,15.0
3550,IN,M,342,243,322,0,10488,1,87,291,277,11.5,1,1110,R2,10.0
141276,NV,M,714,299,343,0,12239,9,23,311,333,12.07142857,1,2005,C3,6.0
184255,WA,male,814,470,529,4,17455,5,58,484,509,16.33333333,1,3210,T1,25.0
181841,TX,F,652,427,491,0,15375,13,54,458,467,14.15789474,28,0,S2,20.0
182670,WA,male,394,321,420,1,15348,0,66,367,349,3.823529412,1,2304,R2,5.0
22645,SC,,416,191,247,0,7564,1,79,215,228,7.272727273,2,3604,R2,8.0
141834,NV,F,984,330,413,5,13871,5,19,357,375,9.5,0,3001,R2,8.0
129335,CO,M,919,488,529,0,16273,3,31,494,524,7.272727273,1002,5001,S1,12.0
98793,IL,M,332,213,300,0,9892,0,80,246,256,8.142857143,0,2801,R2,10.0
187691,NC,female,872,318,417,2,14570,0,68,394,362,4.222222222,0,0,T2,10.0
112495,AR,Female,698,287,454,5,17175,3,56,372,376,6.4,0,0,C2,8.0
129408,CO,M,818,405,438,0,13951,1,55,425,426,27.28571429,2,5110,S2,45.0
76316,IA,M,443,261,335,0,11545,1,79,309,292,9.8,1002,0,R2,13.0
23957,SC,F,441,246,289,0,8328,0,73,268,261,7.181818182,2,3701,T2,8.0
62704,IN,M,416,312,333,1,11719,0,76,317,328,10.2,1,4501,T2,12.0
42176,FL,F,759,299,386,6,15734,2,25,332,332,6.1,2,1410,C2,10.0
172888,CA,F,988,160,244,8,8591,0,61,164,223,15.0,0,0,T2,15.0
137015,AZ,Female,701,190,246,1,9630,3,27,220,217,6.9,0,2601,R3,10.0
31461,GA,F,752,278,408,6,14900,2,58,332,353,17.52941177,2,5601,R2,26.0
39438,FL,F,1344,458,671,31,44193,28,25,490,595,4.142857143,2,2401,C1,4.0
143518,CA,M,3645,336,491,88,27066,32,22,414,428,12.625,1,3411,U1,17.0
23412,SC,M,237,236,308,0,9638,2,81,323,251,11.0,1,5201,R2,19.0
46552,FL,F,1930,462,648,49,31606,3,23,520,581,10.33333333,0,0,T1,20.0
67422,MI,F,475,358,407,0,13136,2,85,384,376,25.0,0,2101,U3,30.0
140294,NM,,697,197,254,2,7659,12,51,208,244,9.666666667,0,0,0,15.0
1371,CA,F,2753,504,673,91,24127,15,41,613,620,20.0,0,2201,S1,35.0
177556,OR,F,613,246,329,4,11642,2,38,286,279,17.83333333,28,2104,C2,18.0
146182,CA,F,1834,408,463,20,15069,17,52,418,443,8.642857143,0,0,U2,10.0
150292,CA,M,1435,273,295,10,7822,56,34,270,300,15.0,1,1601,U4,10.0
142,NC,female,475,227,294,0,10221,1,80,276,264,6.0,0,0,R2,3.0
73762,MI,M,840,430,491,0,15111,5,75,448,469,17.5,1,4603,S2,25.0
120224,TX,F,391,282,304,0,11352,0,79,294,278,4.0,0,2711,C3,12.0
61586,IN,F,547,247,382,1,13661,4,64,320,306,12.625,0,2912,T2,10.0
139228,NM,M,1081,349,449,14,14846,3,56,401,417,26.57142857,1,4001,R1,43.0
72444,MI,M,521,364,419,0,13027,0,86,384,398,8.571428571,1002,6501,R2,10.0
182180,WA,male,754,290,332,0,10677,6,51,315,303,16.0,1,4801,S2,20.0
185972,GA,F,708,294,376,1,11850,1,75,346,332,7.181818182,28,2102,C3,10.0
73089,MI,F,764,272,424,6,16257,3,61,361,346,7.913043478,2,0,R2,15.0
130850,CO,U,869,315,399,4,13437,2,43,349,357,6.066666667,980,0,R2,7.0
45338,FL,F,698,232,340,1,14431,10,14,300,265,13.125,0,7004,S2,25.0
188860,TX,M,569,256,317,1,9118,0,92,270,310,6.647058824,1,2101,T2,10.0
89036,IL,F,1892,608,745,44,27443,9,80,659,704,9.5,0,2501,S2,30.0
61026,IN,F,499,270,372,1,12615,2,72,325,320,20.0,28,0,T2,20.0
186880,MO,F,313,138,216,0,7617,1,62,165,189,7.62962963,3,3903,R3,5.0
123871,TX,M,1324,770,841,5,33254,6,28,779,825,8.8,0,5211,C1,15.0
63104,IN,M,551,345,414,1,13717,0,86,376,391,12.8,1,4606,R2,40.0
181770,WA,male,1461,313,464,20,20659,7,31,342,411,6.368421053,1,2601,C1,7.0
142466,CA,F,951,168,229,2,5893,33,43,178,222,17.875,2,3805,U4,20.0
58284,KY,F,463,225,319,0,11650,0,74,274,278,3.6875,2,3201,R2,4.0
126483,TX,M,373,168,239,1,7538,15,66,190,221,15.0,1,2001,C2,15.0
56451,KY,M,781,403,473,0,15259,1,81,422,434,7.8,2,3801,T2,8.0
103111,MO,F,509,373,430,0,12992,0,90,377,410,15.0,0,6701,R2,10.0
3825,NV,M,943,412,413,0,15479,4,29,403,435,11.56,1,2404,S2,15.0
17145,NC,female,497,207,303,0,10030,0,91,250,254,20.0,0,0,R3,20.0
159868,CA,F,714,343,391,0,12568,3,69,363,372,9.055555556,2,2302,C3,15.0
24722,SC,M,551,247,354,2,12254,1,82,309,316,3.288888889,1,4401,T2,3.0
101058,MO,F,1123,547,662,20,20264,1,59,575,631,8.230769231,28,4001,T1,10.0
12822,LA,F,544,255,313,5,10281,0,84,305,282,6.666666667,28,103,T2,5.0
6185,CA,F,2258,360,470,66,15758,23,44,428,398,13.63636364,0,2501,U2,30.0
172929,CA,F,1516,369,539,34,16810,4,56,430,491,5.4,0,4801,C2,6.0
161492,CA,F,1437,509,664,23,25226,11,58,575,611,25.0,0,2401,S1,16.0
2154,WI,male,655,258,344,3,13780,2,74,274,314,19.4,0,2004,R2,15.0
100430,MO,F,2083,662,861,56,30627,7,48,833,726,40.0,0,4010,S1,25.0
153213,CA,F,2977,553,721,85,33460,7,48,659,627,13.14285714,0,0,U1,5.0
53763,Tennessee,M,1752,849,931,41,35260,1,28,869,914,14.0,1,4201,T1,15.0
74360,MI,F,704,327,417,2,15094,1,82,339,404,10.0,2,5901,R2,21.0
55027,MS,female,955,521,653,7,22275,1,69,573,621,10.96818182,0,2610,T1,5.0
115094,OK,,521,249,369,1,15515,1,70,307,322,14.88888889,0,0,T2,38.0
68589,MI,M,1662,777,871,25,37242,10,67,831,808,13.57142857,2,2905,S1,20.0
63135,Tennessee,F,776,378,439,1,14465,1,59,422,406,4.35,0,3310,C3,5.0
99890,MO,F,574,274,407,0,18084,0,76,324,348,9.625,3,2810,T2,15.0
124520,TX,F,570,310,352,0,12329,2,79,339,333,6.904761905,28,4307,C2,8.0
166651,CA,F,1333,220,395,11,14312,21,40,359,300,15.0,0,5001,C2,20.0
154224,WA,male,1364,321,471,6,18060,4,53,471,384,9.225806452,0,1701,S2,10.0
166937,CA,M,2098,417,489,57,20544,16,50,476,450,11.0,1,1907,S1,10.0
149196,CA,M,3273,609,659,93,35239,14,37,608,694,16.66666667,1,2101,U1,20.0
155040,CA,,1382,316,456,15,16979,24,36,360,384,15.2173913,0,601,S1,25.0
4393,MN,M,1047,213,388,5,15868,6,62,305,294,9.516129032,1,1006,C2,10.0
85390,MN,M,698,388,448,0,12449,0,85,412,418,9.5,1,4701,R1,12.0
11064,IL,F,1075,366,455,0,14394,1,90,449,373,10.31578947,0,1605,S2,10.0
148523,CA,M,4286,811,947,95,33614,24,41,910,883,15.0,1,1801,S1,25.0
189027,IL,F,606,339,421,0,13281,1,78,402,370,8.80952381,2,1911,R1,10.0
63107,IN,M,578,310,427,0,19153,4,80,370,340,4.733333333,1,2712,T2,10.0
120366,TX,M,914,445,541,0,22258,5,31,515,469,6.666666667,0,5201,T2,9.0
4588,IN,M,561,337,362,0,12185,0,78,357,334,12.4375,0,1608,R2,15.0
164899,CA,F,2094,352,456,56,14963,12,66,401,395,23.0,0,4101,S2,23.0
129766,NE,M,960,566,634,0,18502,2,49,587,600,15.28571429,0,5201,S2,20.0
1799,NC,M,860,358,435,2,14984,3,63,395,393,9.238095238,0,0,C2,10.0
151547,CA,M,1463,228,351,7,11400,15,49,247,343,15.0,1,3201,U3,5.0
169955,CA,M,1588,238,369,33,14499,7,48,328,295,28.75,1,2401,R1,50.0
98275,IL,J,284,224,326,0,11129,0,88,252,284,9.071428571,1002,0,R2,9.0
6298,SC,F,598,292,413,0,12864,0,82,426,352,6.84375,2,2509,T2,7.0
32880,FL,F,695,304,346,7,15245,4,38,299,325,12.2,28,4005,S2,10.0
26669,GA,F,477,301,389,1,13345,0,79,345,342,5.833333333,2,0,R2,1.0
36081,FL,M,1201,419,474,8,17269,2,36,465,449,6.352941177,1,3110,C1,17.0
140928,NV,F,1117,461,450,3,16614,6,28,461,461,20.94444444,2,2801,S2,21.0
84390,MN,M,465,213,312,0,10736,1,80,281,259,7.533333333,1,1801,R2,5.0
83709,MN,M,680,335,357,0,13525,3,81,324,358,6.363636364,2,2512,S2,10.0
27854,GA,F,679,475,466,0,13724,2,50,468,477,5.5625,2,3111,C2,5.0
139302,NM,M,592,273,315,0,7582,4,79,294,290,21.66666667,0,4003,S3,25.0
87538,MT,female,561,189,282,0,9557,1,62,243,233,8.333333333,0,0,R2,10.0
173571,HI,M,2575,521,584,74,17578,5,80,551,561,17.5,0,0,T2,25.0
55091,MS,female,364,187,263,1,8562,0,89,216,234,25.0,0,5001,R3,10.0
2861,WA,male,817,388,422,0,13502,3,60,404,390,7.785714286,0,3701,S2,7.0
141666,NV,M,1105,229,374,7,15856,12,14,285,303,10.5,1,0,C1,16.0
165857,CA,F,1269,409,490,3,17132,5,55,457,443,3.4,28,2201,C2,4.0
172464,CA,M,1257,231,535,20,19180,10,54,509,350,5.625,0,0,T2,6.0
168171,CA,F,3938,203,344,50,15598,10,38,325,271,13.57142857,0,4511,C2,10.0
68563,MI,F,2119,956,987,58,50910,11,72,1010,964,22.5,0,3601,S1,30.0
7160,WA,male,1117,376,439,9,14428,2,62,397,413,14.44444444,2,906,T2,14.0
129779,CO,F,1200,529,529,2,18107,1,39,552,516,14.68421053,0,3012,S1,12.0
112504,AR,Female,773,521,566,0,18085,0,61,545,530,5.833333333,0,2401,C1,10.0
69536,MI,,394,228,276,0,9401,2,90,244,251,6.0,1,1301,R3,8.0
5321,CA,U,2220,550,636,67,19233,11,43,617,576,25.0,0,5401,S1,25.0
162849,CA,F,3242,340,457,93,21061,14,40,408,398,3.25,0,2909,U1,9.0
58079,KY,F,253,89,167,0,5372,0,83,125,139,13.55555556,0,0,R3,10.0
54393,MS,female,918,364,484,7,18685,0,68,390,464,13.0,2,3001,R1,23.0
162618,CA,F,2670,427,551,88,15703,18,58,502,496,4.714285714,2,2201,S2,4.0
80449,WI,F,550,306,390,0,15148,2,85,360,349,5.866666667,0,5203,C2,10.0
111142,AR,Female,505,222,374,0,14178,4,40,253,342,7.35,2,2501,T2,10.0
109710,LA,M,825,488,561,1,16933,0,71,522,518,6.181818182,1,4201,T1,5.0
67000,MI,F,914,406,423,1,13658,0,81,419,425,7.454545455,0,2601,C2,9.0
124315,TX,F,524,341,404,0,17305,12,54,357,384,9.666666667,0,6812,C2,5.0
138239,AZ,Female,2026,655,829,51,31520,7,29,711,756,12.5,0,5501,S1,10.0
85894,SD,M,396,248,304,1,10419,1,18,274,284,3.125,1002,6101,R2,3.0
184106,WA,F,446,168,254,0,11971,8,51,201,218,5.8,0,1601,C3,6.0
95563,IL,M,576,335,463,0,15332,2,66,386,407,3.117647059,0,3301,S2,4.0
79747,WI,male,329,211,303,0,9216,0,87,239,275,15.0,1,1401,R3,15.0
178275,WA,F,2019,506,608,51,23545,11,55,535,551,5.333333333,2,2401,S1,5.0
190754,CA,F,3213,697,745,96,21605,12,56,703,735,28.04166667,2,5009,C1,25.0
2951,NV,M,1330,367,488,16,18153,4,12,419,437,5.083333333,1,2301,T2,5.0
60313,IN,M,480,270,304,0,12144,1,69,288,302,15.375,2,4401,S2,10.0
138000,AZ,,630,222,295,5,10306,12,34,224,296,4.2,0,0,C3,6.0
160483,CA,F,1286,366,391,0,12914,13,52,373,389,8.8,0,7001,C2,9.0
149569,CA,F,2500,272,278,71,15913,26,27,236,298,25.5,0,0,U2,28.0
62349,IN,M,643,273,321,0,13088,2,73,297,298,30.0,28,3101,S2,50.0
25073,SC,M,524,217,343,1,11775,6,49,253,300,7.666666667,1,6201,T2,21.0
47245,AL,F,679,312,459,0,16088,1,88,393,408,5.142857143,0,0,C3,5.0
166508,CA,M,2901,459,711,91,25733,16,45,585,556,13.66666667,1,4501,U1,20.0
33355,FL,M,700,383,443,1,14917,5,47,412,421,12.92307692,1002,0,T2,15.0
118083,TX,F,390,223,359,2,11982,8,73,309,290,13.75,0,6005,R2,15.0
19208,NC,female,670,275,371,1,14984,1,71,325,322,11.08333333,0,0,0,18.0
18664,NC,M,519,283,362,1,12386,0,80,310,337,20.0,1,3801,T2,15.0
137276,AZ,Female,723,270,386,0,20233,8,1,335,321,10.10526316,0,1008,C1,11.0
11254,IL,F,931,470,519,0,15138,5,77,492,472,22.69230769,0,3509,0,25.0
47404,AL,F,475,308,364,0,9853,0,99,319,325,5.235294118,0,4201,T2,10.0
33615,FL,M,563,216,297,1,10832,5,36,250,252,14.57142857,1,3211,C3,15.0
47738,AL,F,419,212,306,0,10063,0,64,268,258,8.166666667,2,2401,R3,12.0
144301,CA,F,2448,498,575,72,22133,7,44,515,552,9.545454546,0,5104,U1,11.0
10491,NV,F,1001,420,482,0,13472,2,26,455,447,7.05,0,3507,C2,5.0
189009,WA,male,1347,192,408,9,16895,11,42,361,260,5.777777778,2,0,U2,5.0
68718,MI,M,1114,623,621,1,17694,12,76,631,607,10.73333333,1002,0,S1,10.0
74673,MI,F,368,168,260,0,8859,1,52,220,216,5.615384615,0,3805,R3,7.0
35328,FL,M,1454,523,579,14,16035,7,28,526,575,11.64285714,1002,5809,C1,20.0
971,NM,F,695,222,291,0,9991,3,28,304,279,7.5,3,4001,T2,8.0
18508,NC,female,635,301,388,3,12754,2,73,342,338,6.666666667,2,0,T2,6.0
93496,IL,F,819,255,342,15,13588,16,62,263,323,4.454545455,0,1907,U2,10.0
92121,IL,M,1216,449,514,9,16243,1,83,470,492,15.0,0,6401,T2,15.0
6649,AZ,Female,2026,655,829,51,31520,7,29,711,756,32.41666667,1,0,0,50.0
186993,TX,M,567,201,313,1,10793,10,67,240,302,10.54545455,1,0,0,10.0
175935,OR,F,541,171,283,0,9862,11,46,239,220,15.0,28,0,S2,15.0
133163,ID,M,418,188,241,0,7470,2,58,227,220,15.0,1,4501,T2,15.0
12,MO,M,334,212,305,0,10385,1,77,259,259,14.72,2,1804,R2,10.0
511,TX,F,1024,225,393,2,16782,7,53,267,299,10.0,28,1501,S1,12.0
125013,TX,F,644,275,331,2,11416,2,76,294,314,7.75,2,0,T2,15.0
138814,AZ,Female,940,203,338,8,13487,6,32,244,303,9.7,0,5401,T2,20.0
101290,MO,M,152,160,225,0,9249,0,80,174,195,3.25,1,1401,R3,3.0
22779,SC,M,535,189,221,2,8017,0,75,192,204,12.53333333,0,5701,T2,20.0
138689,AZ,Female,975,261,419,4,13670,2,38,335,325,13.0,28,0,T1,25.0
99066,IL,M,206,116,228,0,8204,1,63,164,194,4.434782609,1,3006,R3,5.0
148141,CA,F,3576,661,826,96,29413,14,50,768,729,11.0,0,4704,C1,14.0
186456,OR,F,589,277,364,1,12713,2,51,331,321,5.088235294,0,712,C2,5.0
158935,CA,F,1781,170,178,33,14039,59,24,186,252,7.230769231,0,2001,C3,5.0
145275,CA,F,3833,365,508,93,31120,29,27,426,461,12.2,28,3107,U1,20.0
173744,HI,,798,234,321,2,10082,14,55,252,297,20.0,0,0,R2,20.0
179683,WA,F,1108,371,408,4,13661,3,63,395,393,21.66666667,0,5108,S2,25.0
188421,OR,M,704,359,405,0,13482,4,48,370,392,7.5,1,2403,S2,10.0
123699,TX,F,1077,751,762,2,28799,5,55,733,766,7.8,0,5101,C1,10.0
23930,SC,M,891,489,655,7,26220,2,60,516,595,4.277777778,2,2101,C1,5.0
46153,FL,F,933,224,406,5,14946,5,19,290,333,10.0,3,6201,T2,15.0
179863,WA,male,1253,325,447,7,15635,12,57,454,374,9.1875,1,4702,U1,10.0
87395,MT,female,842,264,388,3,15084,2,50,286,370,15.1,0,1701,R1,20.0
86779,ND,F,331,165,266,0,9324,1,61,172,232,10.66666667,28,0,T3,11.0
25214,NC,female,1823,544,567,43,21265,1,62,552,552,12.0,28,5111,T1,25.0
79641,WI,F,1244,672,776,25,25036,1,64,713,743,9.9375,0,2310,S1,12.0
